"","ons_id","Constituency","margin.pct.10","margin.N.10","margin.pct.15","margin.N.15","margin.pct.17","margin.N.17","c_no.10","c_no.15","c_no.17","w_no.10","w_no.15","w_no.17","w_inc.15","w_inc.17","w_win.10","w_win.15","w_win.17","w_rup.10","w_rup.15","w_rup.17","w_5pct.10","w_5pct.15","w_5pct.17","w_10pct.10","w_10pct.15","w_10pct.17","c_5pct.10","c_5pct.15","c_5pct.17","c_10pct.10","c_10pct.15","c_10pct.17"
"1","E14000530","Aldershot",0.123,5586,0.323,14901,0.234,11473,6,5,5,1,0,1,0,0,0,0,0,0,0,0,0,0,0,0,0,0,3,4,3,3,3,2
"2","E14000531","Aldridge-Brownhills",0.395,15266,0.297,11723,0.356,14307,5,6,4,1,1,1,0,0,0,1,1,0,0,0,0,1,1,0,1,1,3,3,2,3,3,2
"3","E14000532","Altrincham and Sale West",0.235,11595,0.263,13290,0.122,6426,4,5,5,1,1,2,0,0,0,0,0,1,0,0,1,1,1,1,0,0,3,4,3,3,2,2
"4","E14000533","Amber Valley",0.012,536,0.092,4205,0.181,8300,6,5,5,2,1,2,0,0,0,0,0,1,0,1,1,0,1,1,0,1,4,3,2,3,3,2
"5","E14000534","Arundel and South Downs",0.298,16691,0.463,26177,0.396,23883,4,5,5,0,2,2,0,0,0,0,0,0,0,0,0,2,1,0,0,0,4,5,3,2,3,2
"6","E14000535","Ashfield",0.004,192,0.186,8820,0.009,441,7,5,6,1,2,2,1,1,1,1,1,0,1,0,1,2,2,1,2,1,4,4,3,3,4,2
"7","E14000536","Ashford",0.313,17297,0.336,19296,0.292,17478,5,5,5,0,2,1,0,0,0,0,0,0,0,0,0,1,0,0,0,0,3,4,3,3,3,2
"8","E14000537","Ashton-under-Lyne",0.237,9094,0.276,10756,0.284,11295,5,5,5,1,4,2,0,0,0,1,1,0,1,0,0,2,1,0,2,1,4,3,2,3,3,2
"9","E14000538","Aylesbury",0.237,12618,0.31,17158,0.249,14656,4,5,6,1,0,2,0,0,0,0,0,0,0,1,1,0,1,1,0,1,4,4,3,3,4,2
"10","E14000539","Banbury",0.324,18227,0.317,18395,0.201,12399,6,6,6,0,2,2,0,0,0,1,1,0,0,0,0,1,1,0,1,1,4,4,3,3,3,2
"11","E14000540","Barking",0.365,16555,0.355,15272,0.453,21608,10,6,6,2,2,2,1,1,1,1,1,0,0,0,1,2,1,1,2,1,4,3,3,3,3,2
"12","E14000541","Barnsley Central",0.3,11093,0.34,12435,0.398,15546,8,7,6,0,1,0,0,0,0,0,0,0,0,0,0,1,0,0,1,0,4,3,3,3,3,2
"13","E14000542","Barnsley East",0.289,11090,0.312,12034,0.326,13283,8,8,6,0,2,0,0,0,0,0,0,0,0,0,0,1,0,0,1,0,4,3,3,3,3,2
"14","E14000543","Barrow and Furness",0.118,5208,0.018,795,0.004,209,7,6,5,0,0,0,0,0,0,0,0,0,0,0,0,0,0,0,0,0,3,3,2,3,3,2
"15","E14000544","Basildon and Billericay",0.297,12338,0.29,12482,0.298,13400,5,4,4,1,0,1,0,0,0,0,0,0,0,0,0,0,0,0,0,0,3,3,2,3,3,2
"16","E14000545","Basingstoke",0.26,13176,0.208,11063,0.169,9466,5,5,6,2,2,2,1,1,1,1,1,0,0,1,2,2,2,2,1,2,3,4,3,3,3,2
"17","E14000546","Bassetlaw",0.166,8215,0.179,8843,0.093,4852,5,5,4,1,1,0,0,0,0,0,0,0,1,0,0,1,0,0,1,0,3,3,2,3,3,2
"18","E14000547","Bath",0.252,11883,0.081,3833,0.115,5694,9,7,4,1,2,2,0,0,0,0,0,0,0,0,1,0,1,0,0,1,3,5,3,2,4,3
"19","E14000548","Batley and Spen",0.086,4406,0.12,6057,0.167,8961,5,7,6,1,2,1,0,0,0,1,0,1,0,1,1,1,1,1,1,1,4,3,2,3,3,2
"20","E14000549","Battersea",0.122,5977,0.156,7938,0.044,2416,7,5,7,2,1,3,1,1,1,1,0,0,0,1,2,1,2,2,1,1,3,2,3,3,2,2
"21","E14000550","Beaconsfield",0.415,21782,0.495,26311,0.438,24543,7,5,5,2,0,0,0,0,0,0,0,0,0,0,0,0,0,0,0,0,3,4,3,3,3,2
"22","E14000551","Beckenham",0.373,17784,0.378,18471,0.292,15087,7,5,4,1,3,2,0,0,0,0,0,0,1,1,0,2,1,0,1,1,3,4,3,3,3,2
"23","E14000552","Bedford",0.03,1353,0.024,1097,0.016,789,7,6,4,0,0,1,0,0,0,0,0,0,0,0,0,0,0,0,0,0,3,3,3,3,2,2
"24","E14000553","Bermondsey and Old Southwark",0.191,8530,0.087,4489,0.222,12972,7,9,6,3,1,2,0,0,0,0,0,1,0,0,2,0,1,2,0,1,3,4,3,3,3,3
"25","E14000554","Berwick-upon-Tweed",0.07,2690,0.122,4914,0.279,11781,5,6,4,1,3,2,0,0,0,1,1,1,1,0,1,2,2,1,2,2,3,4,3,3,4,3
"26","E14000555","Bethnal Green and Bow",0.228,11574,0.459,24317,0.592,35393,11,11,6,1,3,1,1,1,1,1,1,0,0,0,1,2,1,1,1,1,4,4,4,4,2,2
"27","E14000556","Beverley and Holderness",0.244,12987,0.232,12203,0.252,14042,7,6,5,0,1,0,0,0,0,0,0,0,1,0,0,1,0,0,1,0,3,4,3,3,3,2
"28","E14000557","Bexhill and Battle",0.236,12880,0.364,20075,0.373,22165,5,5,5,1,2,1,0,0,0,0,0,1,0,0,1,2,1,1,1,0,3,5,3,3,3,2
"29","E14000558","Bexleyheath and Crayford",0.24,10344,0.21,9192,0.201,9073,7,6,6,1,2,1,0,0,0,0,0,0,0,0,1,0,0,1,0,0,3,3,2,3,3,2
"30","E14000559","Birkenhead",0.436,15395,0.528,20652,0.584,25514,3,5,4,0,0,1,0,0,0,0,0,0,0,0,0,0,0,0,0,0,3,3,2,3,2,2
"31","E14000560","Birmingham, Edgbaston",0.031,1274,0.066,2706,0.159,6917,8,7,5,2,2,3,1,1,1,1,1,1,0,1,2,1,2,2,1,2,3,3,2,3,3,2
"32","E14000561","Birmingham, Erdington",0.092,3277,0.148,5129,0.196,7285,8,6,4,1,1,1,0,0,0,0,0,0,0,0,1,0,0,1,0,0,4,3,2,3,3,2
"33","E14000562","Birmingham, Hall Green",0.078,3799,0.421,19818,0.625,33944,6,6,4,2,1,1,0,0,0,0,0,1,0,1,2,0,1,2,0,1,4,3,3,4,3,2
"34","E14000563","Birmingham, Hodge Hill",0.243,10302,0.569,23362,0.669,31026,6,6,5,0,0,1,0,0,0,0,0,0,0,0,0,0,0,0,0,0,4,4,2,3,3,2
"35","E14000564","Birmingham, Ladywood",0.282,10105,0.609,21868,0.695,28714,5,6,4,2,4,2,1,1,1,1,1,0,1,1,2,3,2,2,2,2,3,3,2,3,2,2
"36","E14000565","Birmingham, Northfield",0.067,2782,0.059,2509,0.105,4667,7,5,4,2,2,2,0,0,0,0,0,1,1,1,1,1,1,1,1,1,4,3,2,3,3,2
"37","E14000566","Birmingham, Perry Barr",0.283,11908,0.359,14828,0.416,18383,6,6,6,2,1,2,0,0,0,0,0,1,1,1,1,1,1,1,1,1,3,3,2,3,3,2
"38","E14000567","Birmingham, Selly Oak",0.075,3482,0.186,8447,0.31,15207,7,5,4,1,2,0,0,0,0,0,0,0,1,0,0,2,0,0,1,0,3,5,2,3,3,2
"39","E14000568","Birmingham, Yardley",0.073,3002,0.16,6595,0.372,16574,6,8,6,2,1,1,0,0,0,1,1,1,0,0,2,1,1,1,1,1,4,4,3,3,4,3
"40","E14000569","Bishop Auckland",0.127,5218,0.089,3508,0.012,502,6,5,4,2,1,1,1,1,1,1,1,1,0,0,2,1,1,2,1,1,3,3,2,3,3,2
"41","E14000570","Blackburn",0.217,9856,0.29,12760,0.429,20368,8,4,4,4,1,1,0,0,0,1,1,0,0,0,0,1,1,0,1,1,3,3,2,3,3,2
"42","E14000571","Blackley and Broughton",0.36,12303,0.455,16874,0.489,19601,7,5,6,1,1,1,0,0,0,0,0,0,0,0,0,1,0,0,1,0,4,3,2,3,3,2
"43","E14000572","Blackpool North and Cleveleys",0.053,2150,0.085,3340,0.049,2023,6,6,5,1,1,2,0,0,0,0,0,1,0,1,1,0,1,1,0,1,3,3,2,3,3,2
"44","E14000573","Blackpool South",0.053,1852,0.08,2585,0.072,2523,6,7,5,1,0,0,0,0,0,0,0,0,0,0,1,0,0,1,0,0,3,3,2,3,3,2
"45","E14000574","Blaydon",0.203,9117,0.317,14227,0.28,13477,4,5,7,0,1,1,0,0,0,0,0,0,0,0,0,1,0,0,1,0,4,4,4,3,4,2
"46","E14000575","Blyth Valley",0.173,6668,0.24,9229,0.186,7915,7,5,4,0,1,1,0,0,0,0,0,0,0,0,0,0,0,0,0,0,3,4,2,3,3,2
"47","E14000576","Bognor Regis and Littlehampton",0.279,13063,0.296,13944,0.341,17494,6,5,6,1,0,0,0,0,0,0,0,0,0,0,0,0,0,0,0,0,4,4,3,3,3,2
"48","E14000577","Bolsover",0.254,11182,0.268,11778,0.114,5288,5,4,4,1,0,1,0,0,0,0,0,0,0,0,1,0,0,1,0,0,4,3,2,3,3,2
"49","E14000578","Bolton North East",0.094,4084,0.101,4377,0.084,3797,5,5,5,2,1,1,0,0,0,0,0,1,0,0,1,0,0,1,0,0,3,3,2,3,3,2
"50","E14000579","Bolton South East",0.218,8634,0.268,10928,0.31,13126,7,5,5,2,1,1,1,1,1,1,1,0,0,0,2,1,1,1,1,1,4,3,3,3,3,2
"51","E14000580","Bolton West",0.002,92,0.016,801,0.018,936,7,6,4,4,1,2,1,1,1,0,0,1,1,1,3,1,1,3,1,1,3,3,2,3,3,2
"52","E14000581","Bootle",0.513,21181,0.636,28704,0.72,36200,6,6,5,0,2,2,0,0,0,0,0,0,0,0,0,1,0,0,0,0,4,3,2,2,2,2
"53","E14000582","Boston and Skegness",0.288,12426,0.1,4336,0.386,16572,6,9,6,0,2,1,0,0,0,0,0,0,0,0,0,0,0,0,0,0,5,3,3,3,3,2
"54","E14000583","Bosworth",0.093,5032,0.205,10988,0.327,18351,7,4,4,0,0,0,0,0,0,0,0,0,0,0,0,0,0,0,0,0,3,4,3,3,4,3
"55","E14000584","Bournemouth East",0.176,7728,0.326,14612,0.163,7937,5,6,6,1,0,0,0,0,0,0,0,1,0,0,1,0,0,1,0,0,4,5,3,3,3,2
"56","E14000585","Bournemouth West",0.134,5583,0.297,12410,0.173,7711,5,6,5,1,1,0,0,0,0,0,0,0,0,0,1,1,0,1,0,0,4,5,3,3,3,2
"57","E14000586","Bracknell",0.301,15704,0.389,20650,0.287,16016,7,5,5,0,0,0,0,0,0,0,0,0,0,0,0,0,0,0,0,0,3,4,3,3,3,2
"58","E14000587","Bradford East",0.009,365,0.171,7084,0.45,20540,7,6,7,0,0,0,0,0,0,0,0,0,0,0,0,0,0,0,0,0,3,4,3,3,3,2
"59","E14000588","Bradford South",0.122,4622,0.172,6450,0.163,6700,6,5,6,2,2,3,0,0,0,1,1,0,1,1,1,2,2,0,2,2,4,3,2,3,3,2
"60","E14000589","Bradford West",0.142,5763,0.283,11420,0.481,21902,8,8,8,1,3,3,0,0,0,1,1,0,0,0,0,1,2,0,1,2,3,4,3,3,3,3
"61","E14000590","Braintree",0.328,16121,0.35,17610,0.352,18422,6,7,5,1,0,0,0,0,0,0,0,0,0,0,0,0,0,0,0,0,4,3,2,3,3,2
"62","E14000591","Brent Central",0.03,1345,0.418,19649,0.535,27997,7,8,5,2,2,4,1,1,1,1,1,1,0,0,2,2,1,2,1,1,3,3,2,3,2,2
"63","E14000592","Brent North",0.154,8028,0.207,10834,0.302,17061,8,6,5,1,1,2,0,0,0,0,0,0,0,0,0,0,0,0,0,0,3,3,2,3,2,2
"64","E14000593","Brentford and Isleworth",0.036,1958,0.008,465,0.198,12182,10,5,3,4,2,2,1,1,1,1,1,1,1,1,2,2,2,2,2,2,3,3,3,3,2,2
"65","E14000594","Brentwood and Ongar",0.334,16921,0.42,21810,0.454,24002,9,6,6,2,0,1,0,0,0,0,0,0,0,1,1,0,1,0,0,1,3,4,3,2,3,2
"66","E14000595","Bridgwater and West Somerset",0.17,9249,0.268,14583,0.265,15448,7,5,5,2,1,2,0,0,0,0,0,0,0,1,1,0,1,1,0,1,3,4,3,3,4,3
"67","E14000596","Brigg and Goole",0.117,5147,0.258,11176,0.274,12363,5,7,5,0,3,1,0,0,0,0,0,0,1,0,0,1,0,0,1,0,3,3,2,3,3,2
"68","E14000597","Brighton, Kemptown",0.031,1328,0.015,690,0.201,9868,6,7,4,1,2,1,0,0,0,0,0,0,1,0,1,1,0,1,1,0,4,4,2,3,2,2
"69","E14000598","Brighton, Pavilion",0.024,1252,0.146,7967,0.255,14699,8,7,5,5,2,3,1,1,1,1,1,1,1,1,4,2,3,4,2,3,4,4,3,4,3,3
"70","E14000599","Bristol East",0.083,3722,0.086,3980,0.264,13394,8,6,4,3,3,3,1,1,1,1,1,1,1,1,2,3,2,2,2,2,3,5,2,3,3,2
"71","E14000600","Bristol North West",0.065,3274,0.095,4944,0.088,4761,6,6,4,2,3,2,1,1,1,1,0,0,0,1,1,2,1,1,1,1,3,5,3,3,2,2
"72","E14000601","Bristol South",0.098,4734,0.14,7128,0.294,15987,8,6,6,1,2,1,0,0,1,1,1,0,1,0,1,2,1,1,2,1,3,5,2,3,4,2
"73","E14000602","Bristol West",0.205,11366,0.088,5673,0.521,37336,7,7,5,0,3,2,0,0,0,1,1,0,0,0,0,2,2,0,2,2,3,4,4,3,4,3
"74","E14000603","Broadland",0.138,7292,0.317,16838,0.283,15816,6,5,5,3,0,1,0,0,0,0,0,0,0,1,1,0,1,1,0,1,3,4,3,3,3,2
"75","E14000604","Bromley and Chislehurst",0.316,13900,0.308,13564,0.206,9590,7,5,5,3,1,1,0,0,0,0,0,0,0,0,0,0,0,0,0,0,3,4,3,3,3,2
"76","E14000605","Bromsgrove",0.219,11308,0.316,16529,0.307,16573,8,5,4,1,0,0,0,0,0,0,0,0,0,0,0,0,0,0,0,0,4,4,2,3,3,2
"77","E14000606","Broxbourne",0.412,18804,0.363,16723,0.333,15792,6,5,5,1,0,1,0,0,0,0,0,0,0,0,0,0,0,0,0,0,3,3,2,3,3,2
"78","E14000607","Broxtowe",0.007,389,0.08,4287,0.016,863,6,6,5,1,1,2,1,1,1,1,1,0,0,0,1,1,1,1,1,1,3,3,2,3,3,2
"79","E14000608","Buckingham",0.259,12529,0.427,22942,0.488,25725,11,3,4,2,0,0,0,0,0,0,0,0,0,0,0,0,0,0,0,0,4,3,4,3,3,3
"80","E14000609","Burnley",0.043,1818,0.082,3244,0.158,6353,7,5,5,2,2,2,0,0,0,1,1,1,0,0,2,2,1,1,2,1,4,4,4,3,4,3
"81","E14000610","Burton",0.127,6304,0.222,10892,0.201,10047,5,5,4,1,1,1,0,0,0,0,0,1,0,1,1,0,1,1,0,1,3,3,2,3,3,2
"82","E14000611","Bury North",0.05,2243,0.008,378,0.091,4375,7,5,3,1,0,0,0,0,0,0,0,1,0,0,1,0,0,1,0,0,3,3,2,3,3,2
"83","E14000612","Bury South",0.068,3292,0.104,4922,0.117,5965,7,6,5,3,1,1,0,0,0,0,0,1,0,1,1,0,1,1,0,1,3,3,2,3,3,2
"84","E14000613","Bury St Edmunds",0.211,12380,0.359,21301,0.297,18441,5,5,5,0,2,3,0,0,0,1,1,0,0,0,0,2,2,0,1,1,4,5,3,3,3,2
"85","E14000614","Calder Valley",0.124,6431,0.083,4427,0.01,609,9,7,6,3,1,2,0,0,0,0,0,1,0,1,2,0,1,2,0,1,3,4,2,3,3,2
"86","E14000615","Camberwell and Peckham",0.368,17187,0.501,25824,0.65,37316,11,11,6,6,5,3,1,1,1,1,1,0,1,0,1,3,1,1,3,1,3,4,3,3,3,2
"87","E14000616","Camborne and Redruth",0.002,66,0.153,7004,0.033,1577,7,6,4,3,2,1,1,1,0,0,0,1,0,1,2,1,1,2,1,1,4,5,3,3,4,2
"88","E14000617","Cambridge",0.135,6792,0.012,599,0.226,12661,7,6,5,0,1,0,0,0,0,0,0,0,0,0,0,1,0,0,1,0,4,5,3,3,3,3
"89","E14000618","Cannock Chase",0.07,3195,0.105,4923,0.175,8391,8,5,5,1,1,1,0,0,0,1,1,1,0,0,1,1,1,1,1,1,3,3,2,3,3,2
"90","E14000619","Canterbury",0.123,6048,0.183,9798,0.003,187,6,6,4,2,0,1,0,0,0,0,1,0,0,0,1,0,1,1,0,1,3,5,3,3,4,2
"91","E14000620","Carlisle",0.02,853,0.065,2774,0.06,2599,8,6,4,0,4,1,0,0,0,0,0,0,1,0,0,2,0,0,2,0,3,3,2,3,3,2
"92","E14000621","Carshalton and Wallington",0.115,5260,0.032,1510,0.027,1369,6,7,6,1,1,0,0,0,0,0,0,0,0,0,0,1,0,0,1,0,3,4,3,2,4,3
"93","E14000622","Castle Point",0.17,7632,0.197,8934,0.422,18872,5,5,4,1,2,1,1,1,1,1,1,0,0,0,1,1,1,1,1,1,4,3,3,3,3,2
"94","E14000623","Central Devon",0.171,9230,0.391,21265,0.271,15680,5,6,7,1,1,1,0,0,0,0,0,0,0,1,1,1,1,0,1,1,4,5,3,2,4,3
"95","E14000624","Central Suffolk and North Ipswich",0.258,13786,0.372,20144,0.304,17185,7,6,5,1,0,1,0,0,0,0,0,0,0,1,1,0,1,1,0,1,3,4,2,3,3,2
"96","E14000625","Charnwood",0.281,15029,0.324,16931,0.296,16341,5,5,6,1,1,1,0,0,0,0,0,0,0,0,1,0,0,0,0,0,4,4,2,3,3,2
"97","E14000626","Chatham and Aylesford",0.139,6069,0.266,11455,0.233,10458,8,7,6,2,1,2,1,1,1,1,1,0,0,0,1,1,2,1,1,1,3,3,3,3,3,2
"98","E14000627","Cheadle",0.062,3272,0.122,6453,0.083,4507,4,7,3,0,2,1,0,0,0,1,1,0,0,0,0,1,1,0,1,1,3,4,3,2,3,3
"99","E14000628","Chelmsford",0.094,5110,0.339,18250,0.239,13572,8,6,5,2,1,0,0,0,0,0,0,0,0,0,0,0,0,0,0,0,3,4,3,3,4,3
"100","E14000629","Chelsea and Fulham",0.42,16722,0.398,16022,0.194,8188,9,5,5,0,1,0,0,0,0,0,0,0,1,0,0,1,0,0,1,0,3,4,3,3,2,3
"101","E14000630","Cheltenham",0.093,4920,0.121,6516,0.045,2569,5,6,4,0,1,0,0,0,0,0,0,0,0,0,0,1,0,0,0,0,3,5,3,2,2,2
"102","E14000631","Chesham and Amersham",0.319,16710,0.454,23920,0.401,22140,5,5,5,1,3,1,1,1,1,1,1,0,0,0,1,3,1,1,1,1,3,5,3,2,3,3
"103","E14000632","Chesterfield",0.012,549,0.298,13598,0.2,9605,7,7,5,1,1,1,0,0,0,0,0,0,0,1,1,1,1,1,1,1,3,4,3,3,4,2
"104","E14000633","Chichester",0.28,15877,0.427,24413,0.378,22621,4,6,6,0,0,1,0,0,0,0,0,0,0,0,0,0,0,0,0,0,4,5,3,3,3,3
"105","E14000634","Chingford and Woodford Green",0.301,12963,0.191,8386,0.052,2438,8,7,4,2,3,1,0,0,0,0,0,1,0,0,1,1,0,1,0,0,3,4,2,3,3,2
"106","E14000635","Chippenham",0.047,2470,0.182,10076,0.291,16630,8,5,3,2,3,1,0,0,0,1,1,0,0,0,0,2,1,0,2,1,3,4,3,2,3,3
"107","E14000636","Chipping Barnet",0.236,11927,0.144,7656,0.006,353,6,6,4,2,4,2,1,1,1,1,1,0,1,0,1,2,2,1,2,1,3,3,3,3,2,2
"108","E14000637","Chorley",0.052,2593,0.088,4530,0.135,7512,5,6,4,0,0,0,0,0,0,0,0,0,0,0,0,0,0,0,0,0,3,3,2,3,3,2
"109","E14000638","Christchurch",0.312,15410,0.367,18224,0.497,25171,4,5,4,0,1,0,0,0,0,0,0,0,0,0,0,0,0,0,0,0,4,4,3,2,2,2
"110","E14000639","Cities of London and Westminster",0.3,11076,0.267,9671,0.081,3148,9,8,8,1,2,1,0,0,0,0,0,0,0,0,1,1,1,1,0,1,3,5,3,3,2,3
"111","E14000640","City of Chester",0.055,2583,0.002,93,0.163,9176,7,4,3,2,0,2,0,0,0,0,1,1,0,0,2,0,1,2,0,1,3,4,2,3,2,2
"112","E14000641","City of Durham",0.066,3067,0.25,11439,0.256,12364,6,7,7,2,2,2,1,1,1,1,1,1,1,0,2,2,2,2,2,1,3,5,3,3,4,2
"113","E14000642","Clacton",0.28,12068,0.078,3437,0.359,15828,7,5,8,0,0,1,0,0,0,0,0,0,0,0,0,0,0,0,0,0,3,3,3,3,3,2
"114","E14000643","Cleethorpes",0.096,4298,0.175,7893,0.217,10400,4,6,5,1,1,0,0,0,0,0,0,1,0,0,1,0,0,1,0,0,4,3,2,3,3,2
"115","E14000644","Colchester",0.151,6982,0.115,5575,0.106,5677,9,6,5,1,0,0,0,0,0,0,0,0,0,0,0,0,0,0,0,0,3,5,3,3,4,3
"116","E14000645","Colne Valley",0.087,4837,0.095,5378,0.015,915,7,7,5,4,3,3,0,0,0,0,1,1,1,0,2,2,1,2,2,1,3,4,2,3,3,2
"117","E14000646","Congleton",0.139,7063,0.329,16773,0.224,12619,7,5,5,1,1,1,1,1,1,1,1,0,0,0,1,1,1,1,1,1,3,4,3,3,3,2
"118","E14000647","Copeland",0.09,3833,0.065,2564,0.039,1695,6,5,4,1,0,0,0,0,0,0,0,0,0,0,0,0,0,0,0,0,3,3,2,3,3,2
"119","E14000648","Corby",0.035,1895,0.043,2412,0.045,2690,4,5,5,2,1,1,0,0,1,0,0,0,0,0,2,1,0,2,1,0,3,3,2,3,3,2
"120","E14000649","Coventry North East",0.271,11775,0.291,12274,0.335,15580,7,7,6,1,3,2,0,0,0,1,1,1,1,1,1,2,2,1,2,2,3,3,2,3,3,2
"121","E14000650","Coventry North West",0.135,6288,0.1,4509,0.172,8580,9,6,6,1,1,0,0,0,0,0,0,0,0,0,0,0,0,0,0,0,3,3,2,3,3,2
"122","E14000651","Coventry South",0.084,3845,0.073,3188,0.169,7947,6,7,6,1,1,2,0,0,0,0,0,0,0,0,0,0,0,0,0,0,3,3,2,3,3,2
"123","E14000652","Crawley",0.125,5928,0.134,6526,0.049,2457,8,5,3,0,1,0,0,0,0,0,0,0,0,0,0,0,0,0,0,0,3,3,2,3,3,2
"124","E14000653","Crewe and Nantwich",0.118,6046,0.073,3620,0.001,48,6,4,4,0,0,0,0,0,0,0,0,0,0,0,0,0,0,0,0,0,3,3,2,3,3,2
"125","E14000654","Croydon Central",0.058,2879,0.003,165,0.099,5652,10,7,7,1,3,2,0,0,0,0,1,0,1,0,0,1,1,0,1,1,4,3,2,3,2,2
"126","E14000655","Croydon North",0.319,16481,0.399,21364,0.543,32365,9,8,6,0,1,0,0,0,0,0,0,0,0,0,0,0,0,0,0,0,3,3,2,3,2,2
"127","E14000656","Croydon South",0.281,15818,0.297,17140,0.186,11406,5,7,6,1,3,3,0,0,0,0,0,0,1,1,1,3,1,1,2,1,3,4,3,3,3,2
"128","E14000657","Dagenham and Rainham",0.059,2630,0.116,4980,0.101,4652,8,8,7,2,5,1,0,0,0,0,0,0,0,1,0,1,1,0,1,1,4,3,3,3,3,2
"129","E14000658","Darlington",0.079,3388,0.077,3158,0.073,3280,5,6,5,3,2,2,1,1,1,1,1,0,0,0,1,1,1,1,1,1,3,3,2,3,3,2
"130","E14000659","Dartford",0.212,10628,0.236,12345,0.243,13186,7,6,6,1,1,1,0,0,0,0,0,0,0,0,0,1,0,0,1,0,3,3,2,3,3,2
"131","E14000660","Daventry",0.371,19188,0.401,21059,0.39,21734,6,5,5,0,1,1,0,0,0,0,0,0,1,0,0,1,0,0,1,0,3,3,3,3,3,2
"132","E14000661","Denton and Reddish",0.261,9831,0.272,10511,0.355,14077,5,6,6,1,2,1,0,0,0,0,0,1,1,1,1,1,1,1,1,1,4,3,2,3,3,2
"133","E14000662","Derby North",0.014,613,0.001,41,0.041,2015,7,5,4,2,4,2,0,0,0,1,0,0,0,1,1,3,1,1,2,1,3,4,2,3,3,2
"134","E14000663","Derby South",0.149,6122,0.216,8828,0.248,11248,5,7,5,1,2,2,1,1,1,1,1,0,1,1,1,2,2,1,2,2,3,3,2,3,3,2
"135","E14000664","Derbyshire Dales",0.296,13866,0.297,14044,0.289,14327,7,6,5,0,0,0,0,0,0,0,0,0,0,0,0,0,0,0,0,0,3,4,3,3,3,2
"136","E14000665","Devizes",0.281,13005,0.423,20751,0.418,21136,7,5,6,3,3,3,1,1,1,1,1,1,0,0,2,3,2,2,1,1,3,5,3,3,3,2
"137","E14000666","Dewsbury",0.028,1526,0.027,1451,0.059,3321,7,7,4,0,1,1,0,0,0,1,1,0,0,0,0,1,1,0,1,1,5,3,2,3,3,2
"138","E14000667","Don Valley",0.083,3595,0.209,8885,0.112,5169,7,6,4,2,2,1,1,1,1,1,1,0,0,0,1,1,1,1,1,1,3,3,2,3,3,2
"139","E14000668","Doncaster Central",0.149,6229,0.25,10093,0.235,10131,8,6,5,1,3,1,1,1,1,1,1,0,0,0,1,2,1,1,2,1,3,3,2,3,3,2
"140","E14000669","Doncaster North",0.263,10909,0.298,11780,0.331,14024,7,8,7,3,2,1,0,0,0,0,0,1,0,1,2,0,1,1,0,1,5,3,3,3,3,2
"141","E14000670","Dover",0.105,5274,0.125,6294,0.124,6437,8,5,5,0,2,1,0,0,0,0,0,0,1,0,0,1,0,0,1,0,3,3,2,3,3,2
"142","E14000671","Dudley North",0.017,649,0.11,4181,0.001,22,6,7,5,0,0,0,0,0,0,0,0,0,0,0,0,0,0,0,0,0,4,3,3,3,3,2
"143","E14000672","Dudley South",0.101,3856,0.112,4270,0.202,7730,4,5,5,1,2,2,0,0,0,0,0,1,1,1,1,1,1,1,1,1,4,3,2,3,3,2
"144","E14000673","Dulwich and West Norwood",0.194,9365,0.314,16122,0.501,28129,5,8,6,3,3,3,0,0,1,1,1,0,1,1,2,2,2,2,2,2,3,4,3,3,2,2
"145","E14000674","Ealing Central and Acton",0.079,3716,0.005,274,0.249,13807,7,9,3,4,3,2,1,1,1,1,1,0,1,1,1,2,2,1,2,2,3,3,3,3,2,2
"146","E14000675","Ealing North",0.195,9301,0.254,12326,0.375,19693,7,6,5,0,1,2,0,0,0,0,0,0,0,0,0,0,0,0,0,0,3,3,2,3,2,2
"147","E14000676","Ealing, Southall",0.217,9291,0.433,18760,0.489,22090,6,6,6,1,2,0,0,0,0,0,0,0,0,0,0,0,0,0,0,0,3,2,2,3,2,2
"148","E14000677","Easington",0.429,14982,0.423,14641,0.41,14892,5,7,6,2,1,3,0,0,0,0,0,1,0,0,2,0,1,1,0,0,4,3,3,3,3,2
"149","E14000678","East Devon",0.172,9114,0.224,12261,0.133,8036,5,5,7,1,1,2,0,0,0,0,0,0,1,1,0,1,1,0,1,1,4,5,3,3,4,3
"150","E14000679","East Ham",0.552,27826,0.655,34252,0.704,39883,5,7,7,1,2,0,0,0,0,0,0,0,0,0,0,0,0,0,0,0,3,3,2,3,2,2
"151","E14000680","East Hampshire",0.263,13497,0.487,25147,0.467,25852,6,5,5,1,0,2,0,0,0,0,0,0,0,1,1,0,1,0,0,1,3,5,3,2,4,3
"152","E14000681","East Surrey",0.309,16874,0.404,22658,0.404,23914,6,6,6,1,2,1,0,0,0,0,0,0,1,0,1,1,0,0,1,0,4,4,4,2,3,3
"153","E14000682","East Worthing and Shoreham",0.229,11105,0.3,14949,0.096,5106,6,6,7,2,0,2,0,0,0,0,0,0,0,1,1,0,1,1,0,1,4,5,2,3,3,2
"154","E14000683","East Yorkshire",0.263,13486,0.299,14933,0.278,15006,7,6,6,0,1,0,0,0,0,0,0,0,0,0,0,1,0,0,1,0,3,4,2,3,3,2
"155","E14000684","Eastbourne",0.066,3435,0.014,733,0.028,1609,8,6,4,0,1,1,0,0,0,1,0,0,0,1,0,1,1,0,1,1,2,4,3,2,3,2
"156","E14000685","Eastleigh",0.072,3864,0.165,9147,0.248,14179,7,7,5,1,2,1,0,0,0,1,1,1,0,0,1,2,1,1,2,1,3,4,3,2,4,3
"157","E14000686","Eddisbury",0.292,13255,0.274,12974,0.233,11942,4,6,6,1,1,2,0,0,0,1,1,0,0,1,1,1,2,1,1,2,3,4,3,3,3,2
"158","E14000687","Edmonton",0.238,9613,0.373,15419,0.483,21115,8,6,5,0,2,1,0,0,0,1,1,0,1,0,0,2,1,0,2,1,3,3,2,3,2,2
"159","E14000688","Ellesmere Port and Neston",0.098,4331,0.134,6275,0.224,11390,5,7,5,1,4,1,0,0,0,0,0,0,1,0,1,1,0,1,1,0,3,3,2,3,3,2
"160","E14000689","Elmet and Rothwell",0.081,4521,0.147,8490,0.165,9805,6,5,5,0,1,0,0,0,0,0,0,0,1,0,0,1,0,0,1,0,3,3,2,3,3,2
"161","E14000690","Eltham",0.04,1663,0.062,2693,0.136,6296,8,5,4,1,0,0,0,0,0,0,0,0,0,0,0,0,0,0,0,0,3,3,2,3,3,2
"162","E14000691","Enfield North",0.038,1692,0.024,1086,0.211,10247,10,7,5,5,3,2,1,1,0,1,1,1,0,0,1,2,1,1,1,1,3,3,2,3,2,2
"163","E14000692","Enfield, Southgate",0.172,7626,0.104,4753,0.09,4355,10,5,4,0,1,0,0,0,0,0,0,0,0,0,0,0,0,0,0,0,3,2,2,3,2,2
"164","E14000693","Epping Forest",0.325,15131,0.364,17978,0.359,18243,7,6,6,5,2,2,1,1,1,1,1,1,0,1,3,1,2,3,1,2,3,4,3,3,3,2
"165","E14000694","Epsom and Ewell",0.294,16134,0.428,24443,0.345,20475,5,7,4,1,2,1,0,0,0,0,0,0,1,0,0,1,0,0,1,0,3,4,3,3,3,3
"166","E14000695","Erewash",0.052,2501,0.074,3584,0.091,4534,7,5,5,3,2,2,0,0,1,1,1,1,1,1,2,2,2,2,2,2,3,3,2,3,3,2
"167","E14000696","Erith and Thamesmead",0.134,5703,0.224,9525,0.225,10014,9,7,7,3,3,3,1,1,1,1,1,0,1,0,1,2,1,1,2,1,4,3,2,3,3,2
"168","E14000697","Esher and Walton",0.341,18593,0.502,28616,0.389,23298,8,7,7,0,2,2,0,0,0,0,0,0,0,0,0,0,0,0,0,0,3,4,3,3,2,3
"169","E14000698","Exeter",0.052,2721,0.133,7183,0.291,16117,7,6,6,2,1,1,0,0,0,0,0,1,0,1,1,1,1,1,0,1,3,4,2,3,2,2
"170","E14000699","Fareham",0.315,17092,0.407,22262,0.378,21555,6,7,5,0,1,1,0,0,0,1,1,0,0,0,0,1,1,0,1,1,3,4,3,3,3,2
"171","E14000700","Faversham and Mid Kent",0.366,17088,0.364,16652,0.35,17413,7,7,5,1,1,1,0,0,0,1,1,0,0,0,0,1,1,0,1,1,3,4,3,3,3,2
"172","E14000701","Feltham and Heston",0.096,4658,0.232,11463,0.294,15603,10,5,5,2,1,2,1,1,0,1,1,0,0,0,1,1,1,1,1,1,3,3,2,3,3,2
"173","E14000702","Filton and Bradley Stoke",0.143,6914,0.2,9838,0.083,4190,8,5,4,1,1,1,0,0,0,0,0,0,0,0,0,0,0,0,0,0,3,4,3,3,3,2
"174","E14000703","Finchley and Golders Green",0.123,5809,0.112,5662,0.032,1657,5,5,5,3,2,2,0,0,0,0,0,1,1,1,2,1,1,2,1,1,3,2,3,3,2,2
"175","E14000704","Folkestone and Hythe",0.192,10122,0.251,13797,0.262,15411,7,8,7,2,3,2,0,0,0,0,0,1,1,0,1,3,1,1,2,0,3,5,3,3,3,2
"176","E14000705","Forest of Dean",0.227,11064,0.222,10987,0.184,9502,5,5,6,0,0,0,0,0,0,0,0,0,0,0,0,0,0,0,0,0,4,5,2,3,3,2
"177","E14000706","Fylde",0.302,13185,0.304,13224,0.254,11805,5,7,4,0,1,1,0,0,0,0,0,0,0,0,0,0,0,0,0,0,3,4,3,3,4,2
"178","E14000707","Gainsborough",0.214,10559,0.314,15449,0.331,17023,5,6,4,0,1,2,0,0,0,0,0,0,0,0,0,1,1,0,0,0,3,4,3,3,3,2
"179","E14000708","Garston and Halewood",0.394,16877,0.554,27146,0.601,32149,5,5,4,3,2,2,1,1,1,1,1,1,0,0,2,1,1,2,1,1,3,3,2,3,2,2
"180","E14000709","Gateshead",0.328,12549,0.39,14784,0.412,17350,8,5,5,2,0,1,0,0,0,0,0,0,0,1,1,0,1,1,0,1,3,4,3,3,3,2
"181","E14000710","Gedling",0.039,1859,0.062,2986,0.091,4694,5,5,5,1,1,2,0,0,0,0,0,0,1,1,1,1,1,1,1,1,3,3,2,3,3,2
"182","E14000711","Gillingham and Rainham",0.186,8680,0.224,10530,0.193,9430,9,8,6,1,1,0,0,0,0,0,0,0,0,0,0,0,0,0,0,0,3,3,2,3,3,2
"183","E14000712","Gloucester",0.048,2420,0.138,7251,0.102,5520,6,7,6,0,2,0,0,0,0,0,0,0,1,0,0,1,0,0,1,0,3,4,3,3,3,2
"184","E14000713","Gosport",0.307,14413,0.359,17098,0.348,17211,10,6,6,1,2,3,1,1,1,1,1,0,0,0,1,1,1,1,1,1,3,4,2,3,3,2
"185","E14000714","Grantham and Stamford",0.281,14826,0.353,18989,0.355,20094,6,7,6,0,1,2,0,0,0,0,0,0,1,0,0,1,0,0,1,0,3,4,3,3,3,2
"186","E14000715","Gravesham",0.197,9312,0.167,8370,0.191,9347,7,5,6,3,1,3,0,0,0,0,0,1,0,1,2,0,1,2,0,1,3,3,2,3,3,2
"187","E14000716","Great Grimsby",0.022,714,0.135,4540,0.072,2565,7,7,5,1,4,3,0,0,0,1,1,1,0,1,1,2,2,1,2,2,4,4,2,3,3,2
"188","E14000717","Great Yarmouth",0.099,4276,0.138,6154,0.181,7973,7,6,5,2,1,1,0,0,0,0,0,0,1,0,0,1,1,0,1,0,3,3,3,3,3,2
"189","E14000718","Greenwich and Woolwich",0.247,10153,0.256,11946,0.39,20714,9,6,4,1,1,0,0,0,0,0,0,0,0,0,0,0,0,0,0,0,3,5,3,3,2,2
"190","E14000719","Guildford",0.14,7782,0.416,22448,0.307,17040,5,8,6,2,4,2,1,1,1,1,1,1,1,1,2,2,2,2,2,2,3,4,3,2,3,3
"191","E14000720","Hackney North and Stoke Newington",0.311,14461,0.481,24008,0.624,35139,10,7,7,4,3,3,1,1,1,1,1,0,1,1,1,3,2,1,3,2,3,4,3,3,3,2
"192","E14000721","Hackney South and Shoreditch",0.333,14288,0.509,24213,0.685,37931,12,11,10,3,2,4,1,1,1,1,1,0,0,0,1,2,1,1,2,1,3,3,3,3,3,2
"193","E14000722","Halesowen and Rowley Regis",0.046,2023,0.07,3082,0.118,5253,5,5,6,1,1,1,0,0,0,0,0,1,1,1,1,1,1,1,1,1,4,3,2,3,3,2
"194","E14000723","Halifax",0.034,1472,0.01,428,0.111,5376,6,7,4,3,3,2,0,0,1,1,1,0,0,0,2,2,1,2,2,1,4,3,2,3,3,2
"195","E14000724","Haltemprice and Howden",0.238,11602,0.332,16195,0.299,15405,6,6,5,1,1,2,0,0,0,0,0,0,0,0,0,0,0,0,0,0,3,4,2,3,3,2
"196","E14000725","Halton",0.375,15504,0.451,20285,0.513,25405,6,6,5,0,0,0,0,0,0,0,0,0,0,0,0,0,0,0,0,0,3,3,2,3,3,2
"197","E14000726","Hammersmith",0.075,3549,0.136,6518,0.357,18651,7,6,6,2,1,1,0,0,0,0,0,0,0,0,1,0,1,1,0,0,3,2,3,3,2,2
"198","E14000727","Hampstead and Kilburn",0.001,42,0.021,1138,0.266,15560,8,7,6,4,2,2,0,0,1,1,1,0,0,0,1,1,1,1,1,1,3,3,3,3,2,2
"199","E14000728","Harborough",0.178,9797,0.374,19632,0.216,12429,7,5,5,1,0,0,0,0,0,0,0,0,0,0,0,0,0,0,0,0,3,4,3,3,4,3
"200","E14000729","Harlow",0.112,4925,0.189,8350,0.157,7031,6,7,5,0,1,1,0,0,0,0,0,0,1,0,0,1,0,0,1,0,3,3,2,3,3,2
"201","E14000730","Harrogate and Knaresborough",0.02,1039,0.307,16371,0.32,18168,5,5,4,1,3,1,0,0,0,0,0,1,1,1,1,2,1,1,2,1,3,4,3,2,4,3
"202","E14000731","Harrow East",0.071,3403,0.097,4757,0.035,1757,5,6,4,2,3,2,0,0,0,0,0,0,1,0,1,1,0,1,1,0,3,2,2,3,2,2
"203","E14000732","Harrow West",0.068,3143,0.047,2208,0.264,13314,5,6,5,1,1,2,0,0,0,0,0,1,1,1,1,1,1,1,1,1,3,2,2,3,2,2
"204","E14000733","Hartlepool",0.144,5509,0.077,3024,0.183,7650,5,8,4,0,2,0,0,0,0,0,0,0,0,0,0,0,0,0,0,0,5,4,3,3,3,3
"205","E14000734","Harwich and North Essex",0.234,11447,0.313,15174,0.281,14356,7,5,6,0,0,0,0,0,0,0,0,0,0,0,0,0,0,0,0,0,4,4,3,3,3,2
"206","E14000735","Hastings and Rye",0.04,1993,0.094,4796,0.006,346,6,5,5,1,2,1,1,1,1,1,1,0,1,0,1,2,1,1,2,1,3,3,2,3,3,2
"207","E14000736","Havant",0.277,12160,0.311,13920,0.345,15956,5,5,6,0,0,1,0,0,0,0,0,0,0,0,0,0,0,0,0,0,4,5,3,3,3,2
"208","E14000737","Hayes and Harlington",0.254,10824,0.348,15700,0.379,18115,8,5,5,3,2,1,0,0,0,0,0,0,1,0,1,1,0,0,1,0,3,3,2,2,3,2
"209","E14000738","Hazel Grove",0.152,6371,0.152,6552,0.125,5514,4,5,4,0,1,1,0,0,0,0,0,0,1,1,0,1,1,0,1,1,4,4,3,3,4,3
"210","E14000739","Hemel Hempstead",0.271,13406,0.291,14420,0.181,9445,6,6,4,2,0,1,0,0,0,0,0,0,0,1,1,0,1,1,0,1,3,3,3,3,3,2
"211","E14000740","Hemsworth",0.225,9844,0.285,12078,0.221,10174,5,5,5,1,1,1,0,0,0,0,0,1,0,1,1,0,1,1,0,1,5,3,3,3,3,2
"212","E14000741","Hendon",0.002,106,0.075,3724,0.021,1072,5,5,5,1,0,1,0,0,0,0,0,0,0,0,0,0,0,0,0,0,3,3,2,3,2,2
"213","E14000742","Henley",0.31,16588,0.459,25375,0.39,22294,6,5,6,0,1,1,0,0,0,0,0,0,0,0,0,1,0,0,1,0,3,5,3,3,4,3
"214","E14000743","Hereford and South Herefordshire",0.051,2481,0.357,16890,0.297,15013,5,5,6,2,3,4,0,0,0,0,0,1,0,1,2,3,2,1,2,1,3,5,4,2,4,3
"215","E14000744","Hertford and Stortford",0.279,15437,0.382,21509,0.317,19035,7,5,4,0,2,1,0,0,0,0,0,0,1,1,0,1,1,0,1,1,3,4,3,3,3,2
"216","E14000745","Hertsmere",0.372,17605,0.369,18461,0.324,16951,6,4,5,0,1,1,0,0,0,0,0,0,0,0,0,1,0,0,0,0,3,4,3,3,3,2
"217","E14000746","Hexham",0.133,5788,0.278,12031,0.2,9236,6,5,5,0,0,0,0,0,0,0,0,0,0,0,0,0,0,0,0,0,3,5,3,3,2,2
"218","E14000747","Heywood and Middleton",0.129,5971,0.109,5299,0.153,7617,6,5,4,3,2,2,1,1,0,1,1,0,0,0,1,1,1,1,1,1,4,3,3,3,3,2
"219","E14000748","High Peak",0.093,4677,0.096,4894,0.043,2322,7,5,3,2,2,1,0,0,0,0,1,1,1,0,1,1,1,1,1,1,3,3,3,3,3,2
"220","E14000749","Hitchin and Harpenden",0.279,15271,0.362,20055,0.205,12031,9,5,6,1,2,0,0,0,0,0,0,0,1,0,0,2,0,0,1,0,3,5,3,3,2,3
"221","E14000750","Holborn and St Pancras",0.182,9942,0.31,17048,0.517,30509,9,8,6,2,4,2,0,0,0,0,0,1,0,0,1,3,1,1,1,0,3,5,3,3,3,2
"222","E14000751","Hornchurch and Upminster",0.307,16371,0.237,13074,0.316,17723,8,6,6,4,2,2,1,1,1,1,1,1,0,1,3,1,2,3,1,2,5,3,3,3,3,2
"223","E14000752","Hornsey and Wood Green",0.125,6875,0.191,11058,0.493,30738,6,8,8,3,3,6,1,1,1,1,1,1,1,1,2,2,2,2,2,2,3,4,3,3,2,3
"224","E14000753","Horsham",0.205,11460,0.433,24658,0.379,23484,8,8,7,0,1,2,0,0,0,0,0,0,0,0,0,1,1,0,1,1,4,4,3,2,4,3
"225","E14000754","Houghton and Sunderland South",0.289,10990,0.336,12938,0.298,12341,6,5,6,2,1,1,1,1,1,1,1,0,0,0,2,1,1,1,1,1,5,3,3,3,3,2
"226","E14000755","Hove",0.037,1868,0.024,1236,0.326,18757,6,8,5,1,2,1,0,0,0,0,0,1,0,0,1,0,0,1,0,0,4,4,2,3,2,2
"227","E14000756","Huddersfield",0.11,4472,0.181,7345,0.274,12005,6,6,6,2,1,2,0,0,0,0,0,1,1,1,1,1,1,1,1,1,3,5,2,3,3,2
"228","E14000757","Huntingdon",0.199,10819,0.347,19403,0.242,14475,8,5,5,3,0,0,0,0,0,0,0,0,0,0,2,0,0,1,0,0,4,4,3,3,3,2
"229","E14000758","Hyndburn",0.072,3090,0.103,4400,0.129,5815,9,5,4,1,3,1,0,0,0,0,0,0,0,0,0,1,0,0,1,0,4,3,2,3,3,2
"230","E14000759","Ilford North",0.115,5404,0.012,589,0.182,9639,7,6,4,2,1,1,0,0,0,0,0,1,0,0,1,0,0,1,0,0,3,3,2,3,2,2
"231","E14000760","Ilford South",0.22,11287,0.381,19777,0.549,31647,6,5,6,1,1,2,0,0,0,0,0,0,0,0,1,0,0,1,0,0,3,3,2,3,2,2
"232","E14000761","Ipswich",0.044,2079,0.077,3733,0.016,836,9,5,6,2,2,1,0,0,0,0,0,0,0,0,0,1,0,0,1,0,3,3,2,3,3,2
"233","E14000762","Isle of Wight",0.15,10527,0.195,13703,0.283,21069,11,6,6,1,1,3,0,0,0,0,0,1,0,0,1,1,1,1,1,1,3,5,3,3,4,3
"234","E14000763","Islington North",0.278,12401,0.43,21194,0.605,33215,5,6,10,1,1,2,0,0,0,0,0,0,0,0,0,1,0,0,1,0,3,4,3,3,3,2
"235","E14000764","Islington South and Finsbury",0.082,3569,0.287,12708,0.422,20263,7,6,5,3,1,3,1,1,1,1,1,1,0,1,3,1,3,3,1,3,3,5,3,3,3,3
"236","E14000765","Jarrow",0.333,12908,0.36,13881,0.401,17263,4,6,5,0,0,0,0,0,0,0,0,0,0,0,0,0,0,0,0,0,4,3,3,3,3,2
"237","E14000766","Keighley",0.062,2940,0.062,3053,0.005,239,6,5,6,1,1,1,0,0,0,0,0,1,0,0,1,0,0,1,0,0,3,3,2,3,3,2
"238","E14000767","Kenilworth and Southam",0.259,12552,0.43,21002,0.352,18076,6,7,5,0,0,0,0,0,0,0,0,0,0,0,0,0,0,0,0,0,3,4,3,3,4,2
"239","E14000768","Kensington",0.245,8616,0.211,7361,0.001,20,6,9,7,1,2,2,0,0,0,1,0,0,0,1,0,2,1,0,1,1,3,4,3,3,2,3
"240","E14000769","Kettering",0.192,9094,0.267,12590,0.214,10562,6,6,4,0,1,0,0,0,0,0,0,0,1,0,0,1,0,0,1,0,3,3,2,3,3,2
"241","E14000770","Kingston and Surbiton",0.132,7560,0.048,2834,0.066,4124,7,7,7,1,2,0,0,0,0,0,0,1,0,0,1,0,0,1,0,0,3,4,3,2,3,3
"242","E14000771","Kingston upon Hull East",0.251,8597,0.294,10319,0.284,10396,6,8,5,1,3,2,0,0,0,0,0,0,0,1,1,1,1,1,1,1,4,4,3,3,3,2
"243","E14000772","Kingston upon Hull North",0.019,641,0.365,12899,0.386,14322,7,6,5,2,3,2,1,1,1,1,1,0,0,1,2,2,2,2,2,2,3,5,3,3,3,2
"244","E14000773","Kingston upon Hull West and Hessle",0.182,5742,0.293,9333,0.232,8025,7,6,7,0,3,2,0,0,0,0,0,0,0,0,0,2,2,0,2,0,4,4,4,3,4,2
"245","E14000774","Kingswood",0.051,2445,0.187,9006,0.154,7500,7,8,4,1,3,1,0,0,0,0,0,0,1,0,1,1,0,1,1,0,3,3,2,3,3,2
"246","E14000775","Knowsley",0.575,25686,0.683,34655,0.761,42214,5,5,5,1,3,0,0,0,0,0,0,1,1,0,1,2,0,1,0,0,3,3,2,2,1,1
"247","E14000776","Lancaster and Fleetwood",0.008,333,0.03,1265,0.145,6661,7,6,4,2,1,1,0,0,0,1,0,0,0,0,0,1,0,0,1,0,3,4,2,3,2,2
"248","E14000777","Leeds Central",0.285,10645,0.377,16967,0.497,23698,6,6,6,0,3,0,0,0,0,0,0,0,1,0,0,1,0,0,1,0,4,4,2,3,3,2
"249","E14000778","Leeds East",0.272,10293,0.328,12533,0.308,12752,5,5,6,0,1,0,0,0,0,0,0,0,0,0,0,0,0,0,0,0,4,3,2,3,3,2
"250","E14000779","Leeds North East",0.096,4545,0.15,7250,0.321,16991,6,6,7,2,3,4,0,0,0,0,0,0,0,0,1,2,0,1,0,0,3,5,2,3,2,2
"251","E14000780","Leeds North West",0.209,9103,0.067,2907,0.091,4224,8,8,4,2,0,1,0,0,0,0,0,1,0,0,2,0,1,2,0,1,3,5,3,3,3,3
"252","E14000781","Leeds West",0.181,7016,0.279,10727,0.378,15965,6,7,7,3,3,2,1,1,1,1,1,1,0,0,3,2,1,2,2,1,4,4,2,3,3,2
"253","E14000782","Leicester East",0.293,14082,0.382,18352,0.428,22428,7,7,6,2,1,3,0,0,0,0,0,1,0,1,1,1,1,1,0,1,3,3,2,3,2,2
"254","E14000783","Leicester South",0.187,8808,0.388,17845,0.52,26261,6,6,4,1,2,1,0,0,0,0,0,0,0,0,0,1,0,0,0,0,3,4,2,3,2,2
"255","E14000784","Leicester West",0.112,4017,0.209,7203,0.295,11060,10,6,6,2,2,2,1,1,1,1,1,1,0,1,2,1,2,2,1,2,4,4,2,3,3,2
"256","E14000785","Leigh",0.271,12011,0.312,14096,0.204,9554,8,5,4,2,1,1,0,0,0,0,0,1,1,1,1,1,1,1,1,1,4,3,3,3,3,2
"257","E14000786","Lewes",0.153,7647,0.021,1083,0.102,5508,7,5,3,1,1,1,0,0,0,1,1,0,0,0,0,1,1,0,1,1,3,5,3,2,3,3
"258","E14000787","Lewisham East",0.149,6216,0.334,14333,0.449,21213,7,7,7,2,4,3,1,1,1,1,1,0,0,0,1,3,1,1,1,1,3,5,2,3,2,2
"259","E14000788","Lewisham West and Penge",0.129,5828,0.264,12714,0.435,23162,6,8,7,1,0,2,0,0,0,0,0,0,0,0,0,0,0,0,0,0,3,5,3,3,2,2
"260","E14000789","Lewisham, Deptford",0.303,12499,0.454,21516,0.633,34899,6,10,7,3,2,5,0,0,1,1,1,1,0,1,3,1,3,3,1,2,4,4,3,3,3,2
"261","E14000790","Leyton and Wanstead",0.16,6416,0.366,14917,0.49,22607,8,6,4,0,1,0,0,0,0,0,0,0,0,0,0,1,0,0,0,0,3,5,3,3,2,2
"262","E14000791","Lichfield",0.343,17683,0.353,18189,0.347,18581,4,6,4,1,0,0,0,0,0,0,0,0,0,0,1,0,0,0,0,0,4,4,3,3,3,2
"263","E14000792","Lincoln",0.023,1058,0.031,1443,0.032,1538,7,6,7,1,3,1,0,0,0,0,1,1,1,0,1,1,1,1,1,1,3,3,2,3,3,2
"264","E14000793","Liverpool, Riverside",0.365,14173,0.553,24463,0.749,35947,6,6,4,2,1,2,1,1,1,1,1,0,0,0,1,1,1,1,1,1,3,4,2,3,2,1
"265","E14000794","Liverpool, Walton",0.577,19818,0.723,27777,0.771,32551,7,7,5,0,1,0,0,0,0,0,0,0,0,0,0,0,0,0,0,0,3,2,2,2,1,1
"266","E14000795","Liverpool, Wavertree",0.189,7167,0.593,24303,0.675,29466,8,7,5,3,2,1,1,1,1,1,1,0,0,0,1,1,1,1,1,1,3,5,3,2,2,2
"267","E14000796","Liverpool, West Derby",0.516,18467,0.667,27367,0.729,32908,6,6,6,2,1,0,0,0,0,0,0,0,0,0,1,0,0,0,0,0,4,4,2,2,1,1
"268","E14000797","Loughborough",0.071,3744,0.177,9183,0.079,4269,5,5,5,2,1,1,1,1,1,1,1,0,0,0,1,1,1,1,1,1,3,3,2,3,3,2
"269","E14000798","Louth and Horncastle",0.275,13871,0.298,14977,0.372,19641,7,7,5,3,3,2,0,0,0,1,1,1,0,0,1,1,1,1,1,1,3,3,2,3,3,2
"270","E14000799","Ludlow",0.2,9749,0.394,18929,0.386,19286,7,5,4,3,2,2,0,0,0,0,0,1,0,0,1,2,1,1,1,1,3,5,3,2,4,3
"271","E14000800","Luton North",0.175,7520,0.223,9504,0.308,14364,6,5,4,1,2,0,0,0,0,0,0,0,0,0,0,0,0,0,0,0,3,3,2,3,3,2
"272","E14000801","Luton South",0.055,2329,0.135,5711,0.302,13925,12,7,6,1,1,0,0,0,0,0,0,0,1,0,0,1,0,0,1,0,3,4,2,3,3,2
"273","E14000802","Macclesfield",0.239,11959,0.299,14811,0.159,8608,6,5,5,1,1,0,0,0,0,0,0,0,0,0,0,0,0,0,0,0,4,4,3,3,3,2
"274","E14000803","Maidenhead",0.312,16769,0.54,29059,0.454,26457,7,7,13,1,2,2,1,1,1,1,1,0,0,0,1,1,1,1,1,1,3,4,3,2,2,3
"275","E14000804","Maidstone and The Weald",0.12,5889,0.214,10709,0.343,17723,7,7,6,2,2,3,1,1,1,1,1,0,0,0,1,1,1,1,1,1,3,4,3,2,4,3
"276","E14000805","Makerfield",0.285,12490,0.294,13155,0.289,13542,6,5,4,2,2,2,1,1,1,1,1,1,0,1,2,2,2,2,2,2,5,3,3,3,3,2
"277","E14000806","Maldon",0.405,19407,0.459,22070,0.467,23430,5,7,6,1,2,1,0,0,0,0,0,1,1,0,1,1,0,1,1,0,4,4,2,3,3,2
"278","E14000807","Manchester Central",0.261,10439,0.477,21639,0.632,31445,10,8,6,2,1,2,1,1,0,1,1,0,0,0,0,1,1,0,1,1,3,4,2,3,3,2
"279","E14000808","Manchester, Gorton",0.175,6703,0.573,24079,0.69,31730,8,7,9,3,1,3,0,0,0,0,0,0,1,1,1,1,1,1,0,0,3,4,4,3,1,1
"280","E14000809","Manchester, Withington",0.042,1894,0.298,14873,0.557,29875,7,6,5,2,1,2,0,0,0,0,0,1,0,0,1,1,0,1,0,0,3,4,3,3,2,3
"281","E14000810","Mansfield",0.124,6012,0.113,5315,0.021,1057,6,6,5,2,2,1,0,0,0,0,1,1,1,0,1,1,1,1,1,1,5,3,3,3,3,2
"282","E14000811","Meon Valley",0.237,12125,0.462,23913,0.474,25692,7,5,5,3,2,1,0,0,0,0,0,1,0,0,1,1,1,1,1,1,3,4,3,2,3,3
"283","E14000812","Meriden",0.312,16253,0.357,18795,0.351,19198,7,6,5,3,2,2,1,1,1,1,1,0,0,0,1,1,1,1,1,1,3,4,2,3,3,2
"284","E14000813","Mid Bedfordshire",0.276,15152,0.402,23327,0.332,20983,6,7,5,2,4,3,1,1,1,1,1,1,1,0,2,3,2,2,2,1,4,4,3,3,3,2
"285","E14000814","Mid Derbyshire",0.239,11292,0.268,12774,0.231,11616,6,5,4,2,4,3,1,1,1,1,1,0,1,0,2,2,1,2,2,1,3,3,2,3,3,2
"286","E14000815","Mid Dorset and North Poole",0.006,269,0.226,10530,0.318,15339,4,5,3,1,1,1,0,0,1,0,0,0,1,1,1,1,1,1,1,1,3,4,3,2,3,3
"287","E14000816","Mid Norfolk",0.273,13856,0.331,17276,0.289,16086,6,5,5,2,1,3,0,0,0,0,0,0,1,1,1,1,1,1,1,1,4,4,3,3,3,2
"288","E14000817","Mid Sussex",0.133,7402,0.422,24286,0.319,19673,7,7,6,1,3,1,0,0,0,0,0,1,0,0,1,1,1,1,1,1,3,4,3,2,4,3
"289","E14000818","Mid Worcestershire",0.311,15864,0.393,20532,0.423,23326,5,5,5,1,1,2,0,0,0,0,0,1,0,0,1,1,1,1,0,0,4,4,3,3,3,2
"290","E14000819","Middlesbrough",0.26,8689,0.381,12477,0.389,13873,6,5,6,1,1,0,0,0,0,0,0,0,0,0,1,0,0,0,0,0,5,3,2,3,3,2
"291","E14000820","Middlesbrough South and East Cleveland",0.036,1677,0.05,2268,0.021,1020,6,5,3,0,0,0,0,0,0,0,0,0,0,0,0,0,0,0,0,0,3,3,2,3,3,2
"292","E14000821","Milton Keynes North",0.166,8961,0.169,9753,0.03,1915,9,7,6,1,3,2,0,0,0,0,0,0,1,0,1,1,0,1,1,0,3,4,2,3,3,2
"293","E14000822","Milton Keynes South",0.094,5201,0.147,8672,0.027,1725,8,7,5,3,2,1,0,0,0,0,0,1,0,1,1,0,1,1,0,1,3,3,2,3,3,2
"294","E14000823","Mitcham and Morden",0.312,13666,0.375,16922,0.444,21375,8,6,6,3,2,4,1,1,1,1,1,1,0,1,3,1,2,3,1,2,3,3,2,3,2,2
"295","E14000824","Mole Valley",0.288,15653,0.462,25453,0.426,24137,5,5,5,2,1,2,0,0,0,0,0,1,0,0,2,1,0,1,0,0,4,5,3,2,3,3
"296","E14000825","Morecambe and Lunesdale",0.02,866,0.106,4590,0.031,1399,5,6,5,1,1,2,0,0,0,0,0,1,1,1,1,1,1,1,1,1,3,3,2,3,3,2
"297","E14000826","Morley and Outwood",0.023,1101,0.009,422,0.04,2104,5,6,3,0,2,1,0,0,0,1,1,0,0,0,0,1,1,0,1,1,4,3,2,3,3,2
"298","E14000827","New Forest East",0.226,11307,0.388,19162,0.428,21995,5,5,4,1,1,0,0,0,0,0,0,0,0,0,0,0,0,0,0,0,4,4,3,2,3,3
"299","E14000828","New Forest West",0.355,16896,0.435,20604,0.472,23431,5,5,5,2,3,2,0,0,0,0,0,0,0,1,1,3,1,0,1,1,4,5,3,2,3,2
"300","E14000829","Newark",0.315,16152,0.353,18474,0.33,18149,4,6,4,1,2,1,0,0,0,0,0,0,0,0,1,0,0,1,0,0,3,3,3,3,3,2
"301","E14000830","Newbury",0.209,12248,0.46,26368,0.401,24380,7,8,5,1,2,2,0,0,0,0,0,0,1,1,0,2,2,0,2,2,2,4,3,2,3,3
"302","E14000831","Newcastle upon Tyne Central",0.219,7466,0.361,12673,0.403,14937,6,5,5,1,1,1,1,1,1,1,1,0,0,0,1,1,1,1,1,1,4,4,2,3,3,2
"303","E14000832","Newcastle upon Tyne East",0.118,4453,0.319,12494,0.463,19261,6,7,5,1,2,1,0,0,0,0,0,1,0,0,1,1,1,1,1,0,3,5,3,3,4,2
"304","E14000833","Newcastle upon Tyne North",0.078,3414,0.226,10153,0.214,10349,6,6,6,2,4,3,1,1,1,1,1,0,0,0,1,2,2,1,1,1,3,4,3,3,3,2
"305","E14000834","Newcastle-under-Lyme",0.036,1552,0.015,650,0.001,30,4,6,3,0,0,0,0,0,0,0,0,0,0,0,0,0,0,0,0,0,4,3,2,3,3,2
"306","E14000835","Newton Abbot",0.011,523,0.233,11234,0.332,17160,6,6,4,3,1,2,1,1,1,1,1,0,0,0,2,1,1,1,1,1,4,4,3,2,3,3
"307","E14000836","Normanton, Pontefract and Castleford",0.237,10979,0.336,15428,0.295,14499,5,4,5,1,2,1,1,1,1,1,1,0,0,0,1,2,1,1,2,1,4,3,3,3,3,2
"308","E14000837","North Cornwall",0.064,2981,0.137,6621,0.141,7200,5,7,5,4,2,1,0,0,0,0,0,1,0,0,1,1,1,1,1,1,2,4,3,2,3,3
"309","E14000838","North Devon",0.113,5821,0.133,6936,0.078,4332,9,6,5,1,0,0,0,0,0,0,0,0,0,0,0,0,0,0,0,0,4,5,3,2,3,3
"310","E14000839","North Dorset",0.141,7625,0.396,21118,0.463,25777,6,5,4,2,0,1,0,0,0,0,0,1,0,0,1,0,1,1,0,1,4,5,3,2,3,3
"311","E14000840","North Durham",0.295,12076,0.34,13644,0.299,12939,5,5,4,0,2,1,0,0,0,0,0,0,1,1,0,1,1,0,1,1,3,4,3,3,3,2
"312","E14000841","North East Bedfordshire",0.341,18942,0.437,25644,0.325,20862,5,5,5,0,1,1,0,0,0,0,0,0,0,0,0,1,0,0,1,0,3,4,3,3,3,2
"313","E14000842","North East Cambridgeshire",0.315,16425,0.326,16874,0.399,21270,7,5,6,4,2,2,0,0,0,0,0,1,0,0,2,0,0,1,0,0,4,3,2,3,3,2
"314","E14000843","North East Derbyshire",0.052,2445,0.039,1883,0.057,2860,4,6,5,1,1,1,1,1,1,1,0,0,0,1,1,1,1,1,1,1,4,3,2,3,3,2
"315","E14000844","North East Hampshire",0.351,18597,0.554,29916,0.482,27772,4,6,6,1,0,0,0,0,0,0,0,0,0,0,0,0,0,0,0,0,3,4,3,2,2,3
"316","E14000845","North East Hertfordshire",0.301,15194,0.365,19080,0.303,16835,8,5,4,2,0,0,0,0,0,0,0,0,0,0,0,0,0,0,0,0,3,5,4,3,3,2
"317","E14000846","North East Somerset",0.096,4914,0.249,12749,0.189,10235,5,5,5,1,2,2,0,0,0,0,0,0,0,0,1,2,1,1,0,0,3,5,3,3,3,2
"318","E14000847","North Herefordshire",0.208,9887,0.416,19996,0.431,21602,6,5,6,2,3,3,0,0,0,0,0,1,0,0,1,3,2,1,2,1,4,5,4,2,4,3
"319","E14000848","North Norfolk",0.234,11626,0.082,4043,0.067,3512,6,5,3,0,2,0,0,0,0,0,0,0,1,0,0,2,0,0,2,0,4,4,3,2,4,2
"320","E14000849","North Shropshire",0.305,15828,0.314,16494,0.294,16355,6,5,4,1,1,0,0,0,0,0,0,0,0,0,0,1,0,0,1,0,3,4,3,3,3,2
"321","E14000850","North Somerset",0.136,7862,0.392,23099,0.276,17103,4,5,5,1,0,1,0,0,0,0,0,0,0,0,0,0,0,0,0,0,3,5,4,3,4,2
"322","E14000851","North Swindon",0.14,7060,0.226,11786,0.152,8335,6,5,5,1,2,1,0,0,0,0,0,0,0,0,1,0,0,1,0,0,3,3,2,3,3,2
"323","E14000852","North Thanet",0.312,13528,0.233,10948,0.222,10738,4,6,6,2,2,3,0,0,0,0,0,0,0,1,2,1,1,1,1,1,4,3,2,3,3,2
"324","E14000853","North Tyneside",0.278,12884,0.367,17194,0.372,19284,6,7,5,2,1,1,1,1,1,1,1,0,0,0,1,1,1,1,1,1,3,3,2,3,3,2
"325","E14000854","North Warwickshire",0.001,54,0.063,2973,0.18,8510,6,6,4,0,1,0,0,0,0,0,0,0,0,0,0,0,0,0,0,0,3,3,2,3,3,2
"326","E14000855","North West Cambridgeshire",0.286,16677,0.324,19795,0.281,18008,5,6,5,0,2,0,0,0,0,0,0,0,0,0,0,0,0,0,0,0,4,4,3,3,3,2
"327","E14000856","North West Durham",0.174,7612,0.235,10056,0.184,8792,6,5,5,2,2,2,1,1,1,1,1,0,1,1,2,2,2,2,2,2,4,4,3,3,3,2
"328","E14000857","North West Hampshire",0.349,18583,0.434,23943,0.386,22679,4,5,5,1,1,1,0,0,0,0,0,0,1,1,1,1,1,1,1,1,4,4,3,3,3,2
"329","E14000858","North West Leicestershire",0.145,7511,0.221,11373,0.248,13286,5,5,4,0,0,1,0,0,0,0,0,0,0,0,0,0,0,0,0,0,4,3,3,3,3,2
"330","E14000859","North West Norfolk",0.31,14810,0.294,13948,0.282,13788,6,5,5,0,1,1,0,0,0,0,0,0,1,1,0,1,1,0,1,1,3,3,2,3,3,2
"331","E14000860","North Wiltshire",0.154,7483,0.416,21046,0.426,22877,6,7,6,0,1,2,0,0,0,0,0,0,0,0,0,1,0,0,1,0,3,4,3,2,3,3
"332","E14000861","Northampton North",0.048,1936,0.082,3245,0.02,807,9,5,5,1,2,1,1,1,0,0,0,1,1,1,1,1,1,1,1,1,3,3,2,3,3,2
"333","E14000862","Northampton South",0.154,6004,0.098,3793,0.028,1159,10,6,5,1,2,1,0,0,0,0,0,0,0,0,0,1,0,0,1,0,4,3,2,3,3,2
"334","E14000863","Norwich North",0.092,3901,0.102,4463,0.011,507,8,6,5,2,2,1,1,1,1,1,1,0,1,0,1,2,1,1,2,1,3,3,2,3,3,2
"335","E14000864","Norwich South",0.007,310,0.158,7654,0.304,15596,7,7,4,0,2,0,0,0,0,0,0,0,1,0,0,2,0,0,2,0,4,5,3,4,4,2
"336","E14000865","Nottingham East",0.21,6969,0.338,11894,0.498,19590,6,7,6,0,1,1,0,0,0,0,0,0,0,0,0,1,0,0,0,0,3,4,2,3,2,2
"337","E14000866","Nottingham North",0.237,8138,0.336,11860,0.291,11160,5,6,5,0,3,1,0,0,0,0,0,0,1,0,0,1,0,0,1,0,4,3,3,3,3,2
"338","E14000867","Nottingham South",0.043,1772,0.16,6936,0.315,15162,6,6,5,2,3,2,1,1,1,1,1,1,1,1,2,2,2,2,2,2,3,4,2,3,3,2
"339","E14000868","Nuneaton",0.046,2069,0.107,4882,0.103,4739,4,7,5,2,3,2,0,0,0,0,0,1,1,1,2,2,1,2,2,1,4,3,2,3,3,2
"340","E14000869","Old Bexley and Sidcup",0.349,15857,0.338,15803,0.322,15466,9,8,7,1,3,1,0,0,0,0,0,0,0,0,0,1,0,0,1,0,3,3,2,3,3,2
"341","E14000870","Oldham East and Saddleworth",0.002,103,0.135,6002,0.174,8182,6,5,4,0,2,1,1,1,0,1,1,0,0,0,0,1,1,0,1,1,4,4,2,3,4,2
"342","E14000871","Oldham West and Royton",0.218,9352,0.342,14738,0.376,17198,6,5,5,0,0,1,0,0,0,0,0,0,0,0,0,0,0,0,0,0,4,3,2,3,3,2
"343","E14000872","Orpington",0.352,17200,0.407,19979,0.386,19461,7,5,5,2,1,1,0,0,0,0,0,0,0,0,0,0,0,0,0,0,3,4,3,2,3,2
"344","E14000873","Oxford East",0.089,4581,0.301,15280,0.432,23284,7,9,5,1,2,0,0,0,0,0,0,0,1,0,0,2,0,0,2,0,3,5,3,3,4,2
"345","E14000874","Oxford West and Abingdon",0.003,176,0.167,9582,0.014,816,6,7,4,1,4,2,1,1,1,1,1,0,1,1,1,3,2,1,3,2,3,4,3,3,3,3
"346","E14000875","Pendle",0.08,3585,0.123,5453,0.029,1279,6,5,5,0,1,0,0,0,0,0,0,0,0,0,0,0,0,0,0,0,4,3,2,3,3,2
"347","E14000876","Penistone and Stocksbridge",0.066,3049,0.143,6723,0.027,1322,6,5,4,1,2,1,1,1,1,1,1,0,0,0,1,2,1,1,1,1,3,4,3,3,3,2
"348","E14000877","Penrith and The Border",0.249,11241,0.453,19894,0.342,15910,5,5,6,1,0,2,0,0,0,0,0,0,0,1,1,0,1,1,0,1,3,5,3,3,3,2
"349","E14000878","Peterborough",0.108,4861,0.041,1925,0.013,607,7,7,4,2,2,1,0,0,0,0,0,0,1,0,1,2,0,0,2,0,4,3,2,3,3,2
"350","E14000879","Plymouth, Moor View",0.038,1588,0.024,1026,0.111,5019,7,6,5,2,3,2,1,1,1,0,0,0,1,1,1,2,1,1,2,1,4,3,2,3,3,2
"351","E14000880","Plymouth, Sutton and Devonport",0.026,1149,0.011,523,0.133,6807,7,6,6,2,2,1,0,0,0,0,0,1,0,0,2,1,0,2,0,0,4,4,2,3,3,2
"352","E14000881","Poole",0.159,7541,0.333,15789,0.285,14209,6,7,5,0,1,0,0,0,0,0,0,0,0,0,0,1,0,0,1,0,4,4,3,3,4,2
"353","E14000882","Poplar and Limehouse",0.129,6030,0.332,16924,0.471,27712,10,7,7,0,2,2,0,0,0,0,0,0,0,0,0,0,1,0,0,0,4,3,3,4,2,2
"354","E14000883","Portsmouth North",0.165,7289,0.232,10537,0.211,9965,7,7,6,2,1,2,1,1,1,1,1,1,0,1,2,1,2,2,1,2,3,4,3,3,3,2
"355","E14000884","Portsmouth South",0.126,5200,0.125,5241,0.035,1554,8,8,5,1,2,1,0,0,0,1,0,1,0,1,1,2,1,1,2,1,3,5,3,3,4,3
"356","E14000885","Preston",0.238,7733,0.361,12067,0.442,15723,6,5,5,1,2,2,0,0,0,0,0,0,0,1,1,0,1,1,0,1,3,3,2,3,3,2
"357","E14000886","Pudsey",0.034,1659,0.088,4501,0.006,331,5,5,5,0,1,0,0,0,0,0,0,0,0,0,0,0,0,0,0,0,3,3,2,3,2,2
"358","E14000887","Putney",0.246,10053,0.238,10180,0.033,1554,6,6,6,1,3,3,1,1,1,1,1,0,1,0,1,2,1,1,2,1,3,3,3,3,2,3
"359","E14000888","Rayleigh and Wickford",0.427,22338,0.324,17230,0.424,23450,6,6,5,1,1,1,0,0,0,0,0,1,0,0,1,0,0,1,0,0,3,3,2,3,3,2
"360","E14000889","Reading East",0.152,7605,0.129,6520,0.068,3749,7,5,6,2,2,2,0,0,0,0,0,0,0,0,1,2,1,1,0,0,3,5,3,3,2,2
"361","E14000890","Reading West",0.126,6004,0.137,6650,0.056,2876,6,8,4,1,4,1,0,0,0,0,0,0,1,0,1,1,1,1,1,0,3,3,3,3,3,2
"362","E14000891","Redcar",0.124,5214,0.254,10388,0.223,9485,6,6,4,2,1,1,0,0,0,1,1,1,0,0,1,1,1,1,1,1,3,4,3,3,4,2
"363","E14000892","Redditch",0.132,5821,0.16,7054,0.163,7363,10,6,7,3,3,3,1,1,1,1,1,1,1,1,2,2,2,2,2,2,3,3,3,3,3,2
"364","E14000893","Reigate",0.272,13591,0.435,22334,0.327,17614,6,5,5,1,1,1,0,0,0,0,0,1,0,0,1,1,1,1,1,1,3,5,3,3,4,3
"365","E14000894","Ribble Valley",0.282,14769,0.26,13606,0.239,13199,5,8,4,0,3,0,0,0,0,0,0,0,0,0,0,2,0,0,1,0,4,4,3,3,3,2
"366","E14000895","Richmond (Yorks)",0.437,23336,0.362,19550,0.405,23108,4,7,5,1,0,2,0,0,0,0,0,0,0,1,1,0,1,1,0,1,3,5,3,3,3,2
"367","E14000896","Richmond Park",0.069,4091,0.389,23015,0.001,45,7,5,4,3,2,2,0,0,0,0,0,1,0,1,2,1,2,1,0,1,3,4,3,2,3,2
"368","E14000897","Rochdale",0.019,889,0.274,12442,0.296,14819,7,8,6,0,1,0,0,0,0,0,0,0,0,0,0,1,0,0,1,0,3,4,3,3,4,2
"369","E14000898","Rochester and Strood",0.207,9953,0.136,7133,0.183,9850,5,6,7,1,3,4,0,0,0,1,1,1,0,1,1,2,2,1,2,2,3,3,3,3,3,2
"370","E14000899","Rochford and Southend East",0.265,11050,0.217,9476,0.117,5548,7,5,6,0,0,0,0,0,0,0,0,0,0,0,0,0,0,0,0,0,4,4,3,3,3,2
"371","E14000900","Romford",0.365,16954,0.282,13859,0.276,13778,9,5,5,2,1,1,0,0,0,0,0,1,0,1,2,0,1,2,0,1,4,3,2,3,3,2
"372","E14000901","Romsey and Southampton North",0.085,4156,0.366,17712,0.36,18046,4,5,5,2,2,2,1,1,1,1,1,1,0,1,2,2,2,2,2,2,3,4,3,2,4,3
"373","E14000902","Rossendale and Darwen",0.095,4493,0.115,5654,0.064,3216,8,8,4,1,1,1,0,0,0,0,0,1,0,1,1,0,1,1,0,1,3,3,2,3,3,2
"374","E14000903","Rother Valley",0.125,5866,0.155,7297,0.078,3882,5,5,5,2,1,1,0,0,0,0,0,1,0,1,2,0,1,1,0,1,5,3,3,3,3,2
"375","E14000904","Rotherham",0.279,10462,0.223,8446,0.3,11387,6,7,5,3,3,2,1,1,0,1,1,1,1,1,3,2,2,3,2,2,6,3,3,4,3,2
"376","E14000905","Rugby",0.126,6000,0.211,10345,0.16,8212,6,6,4,0,1,1,0,0,0,0,0,0,1,1,0,1,1,0,1,1,3,4,3,3,3,2
"377","E14000906","Ruislip, Northwood and Pinner",0.38,19060,0.395,20224,0.262,13980,7,7,5,2,1,2,0,0,0,0,0,1,0,1,1,0,1,1,0,1,3,4,3,3,3,2
"378","E14000907","Runnymede and Weybridge",0.343,16509,0.442,22134,0.35,18050,6,5,5,1,0,0,0,0,0,0,0,0,0,0,0,0,0,0,0,0,4,4,3,3,3,2
"379","E14000908","Rushcliffe",0.295,15811,0.251,13829,0.137,8010,5,5,5,0,0,0,0,0,0,0,0,0,0,0,0,0,0,0,0,0,3,5,2,3,3,2
"380","E14000909","Rutland and Melton",0.254,14000,0.398,21705,0.401,23104,6,6,5,1,1,0,0,0,0,0,0,0,0,0,0,0,0,0,0,0,3,4,3,3,3,2
"381","E14000910","Saffron Walden",0.28,15242,0.434,24991,0.41,24966,6,6,4,3,3,2,0,0,0,0,0,0,0,1,1,1,1,0,1,1,3,4,3,2,4,3
"382","E14000911","Salford and Eccles",0.138,5725,0.29,12541,0.402,19132,8,8,5,2,3,2,0,0,1,1,1,0,0,0,2,2,1,1,1,1,4,4,2,3,3,2
"383","E14000912","Salisbury",0.123,5966,0.403,20421,0.325,17333,8,6,6,1,1,0,0,0,0,0,0,0,0,0,0,1,0,0,0,0,3,5,3,2,4,3
"384","E14000913","Scarborough and Whitby",0.165,8130,0.13,6200,0.068,3435,8,6,8,5,1,1,0,0,0,0,0,1,0,1,2,0,1,2,0,1,3,3,2,3,3,2
"385","E14000914","Scunthorpe",0.069,2549,0.085,3134,0.085,3431,6,7,4,3,1,1,0,0,0,0,0,1,1,1,1,1,1,1,1,1,3,3,2,3,3,2
"386","E14000915","Sedgefield",0.216,8696,0.177,6843,0.146,6059,6,5,5,0,0,1,0,0,0,0,0,0,0,0,0,0,0,0,0,0,4,3,2,3,3,2
"387","E14000916","Sefton Central",0.08,3862,0.242,11846,0.3,15618,4,5,4,1,3,1,0,0,0,0,0,1,1,1,1,1,1,1,1,1,3,3,2,3,3,2
"388","E14000917","Selby and Ainsty",0.237,12265,0.257,13557,0.246,13772,6,6,4,1,1,1,0,0,0,0,0,1,0,1,1,0,1,1,0,1,3,3,2,3,3,2
"389","E14000918","Sevenoaks",0.354,17515,0.39,19561,0.428,21917,7,5,5,1,1,0,0,0,0,0,0,0,0,0,0,0,0,0,0,0,3,4,3,3,3,2
"390","E14000919","Sheffield Central",0.004,165,0.392,17309,0.58,27748,7,10,8,2,3,2,0,0,0,0,0,0,1,1,0,2,2,0,2,1,3,5,4,3,3,2
"391","E14000920","Sheffield South East",0.254,10505,0.295,12311,0.271,11798,6,8,5,1,3,3,0,0,0,0,0,1,0,0,1,1,1,1,0,0,4,4,3,3,3,2
"392","E14000921","Sheffield, Brightside and Hillsborough",0.35,13632,0.345,13807,0.457,19143,6,7,7,2,3,1,0,0,0,0,0,0,0,0,0,1,0,0,1,0,4,3,3,3,3,2
"393","E14000922","Sheffield, Hallam",0.299,15284,0.042,2353,0.037,2125,9,8,6,1,0,0,0,0,0,0,0,1,0,0,1,0,0,1,0,0,3,4,3,3,3,3
"394","E14000923","Sheffield, Heeley",0.142,5807,0.308,12954,0.313,13828,6,7,6,3,2,2,0,0,1,1,1,0,0,1,2,2,2,2,1,2,4,5,2,3,4,2
"395","E14000924","Sherwood",0.004,214,0.092,4647,0.097,5198,6,6,5,2,3,1,0,0,0,0,0,1,1,1,1,2,1,1,2,1,3,3,2,3,3,2
"396","E14000925","Shipley",0.201,9944,0.19,9624,0.088,4681,4,6,4,1,0,1,0,0,0,0,0,1,0,0,1,0,0,1,0,0,3,4,2,3,2,2
"397","E14000926","Shrewsbury and Atcham",0.15,7944,0.177,9565,0.114,6627,7,6,5,0,4,2,0,0,0,0,0,0,1,1,0,3,1,0,2,1,3,4,3,3,3,2
"398","E14000927","Sittingbourne and Sheppey",0.255,12383,0.246,12168,0.296,15211,7,6,7,1,0,0,0,0,0,0,0,1,0,0,1,0,0,1,0,0,4,3,2,3,3,2
"399","E14000928","Skipton and Ripon",0.182,9950,0.381,20761,0.344,19985,8,5,4,2,1,0,0,0,0,0,0,1,0,0,2,1,0,2,0,0,3,5,3,3,3,2
"400","E14000929","Sleaford and North Hykeham",0.334,19905,0.389,24115,0.384,25237,6,5,6,1,1,2,0,0,0,0,0,0,0,0,1,1,0,0,0,0,4,5,2,3,3,2
"401","E14000930","Slough",0.116,5523,0.152,7336,0.313,16998,6,5,5,3,2,3,1,1,1,1,1,1,0,1,2,2,2,2,2,2,3,3,2,3,3,2
"402","E14000931","Solihull",0.003,175,0.236,12902,0.362,20571,6,7,5,3,1,1,1,1,1,0,0,1,1,0,3,1,1,2,1,1,3,4,3,2,4,3
"403","E14000932","Somerton and Frome",0.03,1817,0.336,20268,0.359,22906,5,6,5,1,0,0,0,0,0,0,0,1,0,0,1,0,0,1,0,0,2,5,3,2,3,3
"404","E14000933","South Basildon and East Thurrock",0.129,5772,0.169,7691,0.244,11490,6,7,6,1,0,1,0,0,0,0,0,1,0,1,1,0,1,1,0,1,5,3,3,3,3,2
"405","E14000934","South Cambridgeshire",0.133,7838,0.335,20594,0.246,15952,6,5,4,2,2,1,0,0,0,1,1,0,0,0,0,2,1,0,1,1,3,5,3,3,3,3
"406","E14000935","South Derbyshire",0.141,7128,0.226,11471,0.227,11970,6,5,4,1,4,2,1,1,1,1,1,0,1,0,1,2,1,1,2,1,3,3,2,3,3,2
"407","E14000936","South Dorset",0.148,7443,0.247,11994,0.225,11695,6,7,4,1,1,0,0,0,0,0,0,0,0,0,1,0,0,1,0,0,3,4,3,3,3,2
"408","E14000937","South East Cambridgeshire",0.103,5946,0.283,16837,0.256,16158,7,5,3,0,2,2,0,0,0,1,1,0,0,0,0,2,2,0,2,2,3,5,3,2,4,3
"409","E14000938","South East Cornwall",0.065,3220,0.337,16995,0.328,17443,6,7,4,3,1,1,1,1,1,1,1,1,0,0,3,1,1,2,1,1,4,5,3,2,3,3
"410","E14000939","South Holland and The Deepings",0.436,21880,0.377,18567,0.495,24897,6,5,6,2,0,2,0,0,0,0,0,1,0,0,1,0,0,1,0,0,4,3,2,3,3,2
"411","E14000940","South Leicestershire",0.284,15524,0.312,16824,0.329,18631,5,4,5,1,1,2,0,0,0,0,0,0,1,1,1,1,1,1,1,1,4,4,2,3,3,2
"412","E14000941","South Norfolk",0.199,10940,0.359,20493,0.273,16678,6,5,4,3,3,2,0,0,0,0,0,1,1,0,1,3,1,1,1,0,3,5,3,3,3,2
"413","E14000942","South Northamptonshire",0.342,20478,0.434,26416,0.351,22840,6,5,6,1,2,2,1,1,1,1,1,0,1,0,1,2,1,1,2,1,3,4,3,3,3,2
"414","E14000943","South Ribble",0.108,5554,0.114,5945,0.135,7421,5,4,6,2,3,1,0,0,1,1,1,0,1,0,1,2,1,1,2,1,3,3,2,3,3,2
"415","E14000944","South Shields",0.304,11109,0.293,10614,0.356,14508,9,6,5,3,4,4,1,1,0,1,1,1,0,1,2,1,2,1,1,2,4,3,3,3,3,2
"416","E14000945","South Staffordshire",0.329,16590,0.411,20371,0.445,22733,6,5,4,1,1,2,0,0,0,0,0,0,0,0,1,0,0,1,0,0,4,3,2,3,3,2
"417","E14000946","South Suffolk",0.169,8689,0.338,17545,0.327,17749,4,6,5,1,2,1,0,0,0,0,0,0,1,1,1,2,1,1,1,1,4,4,3,3,3,2
"418","E14000947","South Swindon",0.075,3544,0.117,5785,0.048,2464,7,5,5,3,2,2,1,1,0,0,0,1,1,1,1,1,1,1,1,1,3,3,2,3,3,2
"419","E14000948","South Thanet",0.166,7617,0.057,2812,0.128,6387,4,11,7,1,1,1,0,0,1,0,0,0,0,0,1,0,0,1,0,0,4,3,3,3,3,2
"420","E14000949","South West Bedfordshire",0.328,16649,0.347,17813,0.255,14168,5,5,5,1,1,2,0,0,0,0,0,0,0,0,1,0,0,1,0,0,3,4,2,3,3,2
"421","E14000950","South West Devon",0.318,15874,0.399,20109,0.299,15816,5,5,5,1,0,1,0,0,0,0,0,1,0,0,1,0,1,1,0,0,4,4,3,3,3,2
"422","E14000951","South West Hertfordshire",0.263,14920,0.406,23263,0.322,19550,6,6,5,1,1,0,0,0,0,0,0,0,0,0,0,0,0,0,0,0,3,4,3,3,4,3
"423","E14000952","South West Norfolk",0.267,13140,0.277,13861,0.349,18312,6,5,4,3,2,1,1,1,1,1,1,0,0,0,2,1,1,1,1,1,4,3,2,3,3,2
"424","E14000953","South West Surrey",0.285,16318,0.5,28556,0.357,21590,8,7,5,2,2,1,0,0,0,0,0,0,0,1,0,2,1,0,0,1,3,6,4,2,1,3
"425","E14000954","South West Wiltshire",0.211,10367,0.352,18168,0.335,18326,5,5,5,1,0,1,0,0,0,0,0,0,0,1,1,0,1,1,0,1,4,5,3,3,4,2
"426","E14000955","Southampton, Itchen",0.004,192,0.052,2316,0.001,31,6,6,5,0,3,2,0,0,0,0,0,0,1,0,0,1,0,0,1,0,3,3,2,3,3,2
"427","E14000956","Southampton, Test",0.055,2413,0.087,3810,0.245,11503,6,7,5,1,2,0,0,0,0,0,0,0,0,0,0,2,0,0,1,0,3,4,2,3,3,2
"428","E14000957","Southend West",0.167,7270,0.315,14021,0.212,10000,8,6,7,0,0,0,0,0,0,0,0,0,0,0,0,0,0,0,0,0,3,4,2,3,3,2
"429","E14000958","Southport",0.138,6024,0.03,1322,0.061,2914,4,6,4,1,2,1,0,0,0,0,0,1,0,1,1,1,1,1,1,1,4,4,3,2,4,3
"430","E14000959","Spelthorne",0.212,10019,0.288,14152,0.268,13425,9,7,5,0,3,1,0,0,0,0,0,0,0,1,0,2,1,0,1,1,4,4,3,3,3,2
"431","E14000960","St Albans",0.044,2305,0.234,12732,0.107,6109,5,5,4,2,1,1,1,1,1,1,1,0,0,0,2,1,1,2,1,1,3,4,3,3,3,3
"432","E14000961","St Austell and Newquay",0.028,1312,0.162,8173,0.206,11142,6,6,3,1,1,0,0,0,0,0,0,1,0,0,1,1,0,1,1,0,3,4,3,2,4,3
"433","E14000962","St Helens North",0.294,13101,0.374,17291,0.366,18406,5,5,5,0,2,1,0,0,0,0,0,0,0,0,0,0,0,0,0,0,3,3,2,3,3,2
"434","E14000963","St Helens South and Whiston",0.306,14122,0.439,21243,0.46,24343,5,5,5,1,2,2,0,0,0,1,1,0,1,1,1,2,2,1,2,2,3,4,2,3,3,2
"435","E14000964","St Ives",0.037,1719,0.051,2469,0.006,312,7,6,3,1,0,1,0,0,0,0,0,0,0,0,1,0,1,0,0,1,4,5,3,2,3,3
"436","E14000965","Stafford",0.109,5460,0.188,9177,0.149,7729,6,6,4,0,2,0,0,0,0,0,0,0,1,0,0,1,0,0,1,0,3,3,2,3,3,2
"437","E14000966","Staffordshire Moorlands",0.153,6689,0.239,10174,0.243,10830,4,5,5,2,2,2,1,1,1,1,1,1,1,1,2,2,2,2,2,2,4,3,2,3,3,2
"438","E14000967","Stalybridge and Hyde",0.067,2744,0.163,6686,0.19,8084,6,5,4,1,2,1,0,0,0,0,0,0,0,0,0,1,0,0,1,0,4,3,2,3,3,2
"439","E14000968","Stevenage",0.08,3578,0.104,4955,0.069,3386,9,8,4,3,2,3,0,0,0,0,0,1,1,1,2,1,1,2,1,1,3,3,2,3,3,2
"440","E14000969","Stockport",0.173,6784,0.254,10061,0.348,14477,6,6,5,1,1,1,1,1,1,1,1,0,0,0,1,1,1,1,1,1,3,4,2,3,3,2
"441","E14000970","Stockton North",0.169,6676,0.211,8367,0.204,8715,7,5,5,0,1,1,0,0,0,0,0,0,0,0,0,1,0,0,1,0,3,3,2,3,3,2
"442","E14000971","Stockton South",0.007,332,0.097,5046,0.016,888,7,6,5,3,2,2,0,0,0,0,1,1,1,0,2,1,1,2,1,1,3,3,2,3,3,2
"443","E14000972","Stoke-on-Trent Central",0.171,5566,0.167,5179,0.118,3897,10,8,6,3,0,2,0,0,0,0,0,0,0,1,1,0,1,1,0,1,4,4,2,3,3,2
"444","E14000973","Stoke-on-Trent North",0.205,8235,0.125,4836,0.056,2359,5,7,4,2,1,1,0,0,1,1,1,0,0,0,2,1,1,1,1,1,5,3,2,3,3,2
"445","E14000974","Stoke-on-Trent South",0.104,4130,0.065,2539,0.016,663,7,6,4,0,0,1,0,0,0,0,0,0,0,0,0,0,0,0,0,0,4,3,2,3,3,2
"446","E14000975","Stone",0.281,13292,0.346,16250,0.35,17495,5,6,5,2,1,1,0,0,0,0,0,1,0,0,2,0,0,2,0,0,4,4,2,3,3,2
"447","E14000976","Stourbridge",0.109,5164,0.145,6694,0.162,7654,7,5,5,3,1,1,1,1,1,1,1,1,0,0,2,1,1,2,1,1,3,3,2,3,3,2
"448","E14000977","Stratford-on-Avon",0.224,11346,0.445,22876,0.41,21958,8,5,6,1,1,2,0,0,0,0,0,0,0,0,0,1,1,0,1,1,3,4,3,2,4,3
"449","E14000978","Streatham",0.07,3259,0.279,13934,0.471,26285,7,8,5,2,3,2,0,0,0,0,0,0,1,1,0,2,1,0,1,1,3,4,3,3,2,2
"450","E14000979","Stretford and Urmston",0.199,8935,0.252,11685,0.393,19705,6,7,6,2,4,3,1,1,1,1,1,0,1,1,1,2,2,1,2,2,3,3,2,3,3,2
"451","E14000980","Stroud",0.022,1299,0.08,4866,0.011,687,6,7,5,0,2,1,0,0,0,0,0,0,0,0,0,1,0,0,0,0,3,3,2,3,2,2
"452","E14000981","Suffolk Coastal",0.166,9128,0.339,18842,0.276,16012,5,5,5,3,2,1,1,1,1,1,1,1,0,0,2,2,1,2,1,1,4,5,3,3,3,2
"453","E14000982","Sunderland Central",0.158,6725,0.268,11179,0.222,9997,5,6,6,2,2,2,1,1,1,1,1,0,0,0,1,1,1,1,1,1,3,3,2,3,3,2
"454","E14000983","Surrey Heath",0.318,17289,0.456,24804,0.431,24943,4,7,4,0,3,2,0,0,0,0,0,0,0,0,0,1,1,0,0,1,4,4,3,3,3,3
"455","E14000984","Sutton and Cheam",0.033,1608,0.079,3921,0.244,12698,10,7,4,2,3,2,0,0,0,0,0,1,0,0,2,1,1,1,1,1,3,4,3,2,4,3
"456","E14000985","Sutton Coldfield",0.336,17005,0.323,16417,0.29,15339,6,6,5,0,0,1,0,0,0,0,0,0,0,0,0,0,0,0,0,0,3,4,2,3,3,2
"457","E14000986","Tamworth",0.131,6090,0.24,11302,0.262,12347,5,5,3,2,4,1,0,0,0,0,0,0,1,0,1,2,0,1,2,0,3,3,2,3,3,2
"458","E14000987","Tatton",0.32,14487,0.403,18241,0.301,14787,5,5,5,1,1,0,0,0,0,0,0,0,0,0,1,0,0,0,0,0,4,4,3,3,3,2
"459","E14000988","Taunton Deane",0.069,3993,0.268,15491,0.252,15887,4,8,5,0,3,1,0,0,0,1,1,0,1,0,0,3,1,0,3,1,3,4,3,2,3,3
"460","E14000989","Telford",0.024,978,0.018,730,0.016,720,5,5,4,0,1,1,0,0,0,1,1,0,0,0,0,1,1,0,1,1,4,3,2,3,3,2
"461","E14000990","Tewkesbury",0.117,6310,0.397,21972,0.382,22574,6,5,5,0,1,1,0,0,0,0,0,0,0,0,0,0,0,0,0,0,3,4,3,3,4,3
"462","E14000991","The Cotswolds",0.235,12864,0.379,21477,0.427,25499,6,5,6,0,1,1,0,0,0,0,0,0,0,0,0,0,0,0,0,0,3,4,3,3,3,3
"463","E14000992","The Wrekin",0.206,9450,0.236,10743,0.193,9564,5,5,6,2,3,1,0,0,0,0,0,0,1,0,1,2,0,1,2,0,3,3,2,3,3,2
"464","E14000993","Thirsk and Malton",0.296,11281,0.372,19456,0.34,19001,5,7,7,1,1,1,0,0,1,0,0,0,0,0,1,1,1,1,0,0,4,4,3,3,3,2
"465","E14000994","Thornbury and Yate",0.148,7116,0.031,1495,0.238,12071,6,5,4,2,0,1,0,0,0,0,0,0,0,0,1,0,1,0,0,1,3,4,3,2,3,3
"466","E14000995","Thurrock",0.002,92,0.011,536,0.007,345,6,7,4,4,2,2,1,1,1,1,1,0,1,0,3,2,1,2,2,1,5,3,3,3,3,3
"467","E14000996","Tiverton and Honiton",0.17,9320,0.375,20173,0.342,19801,5,5,4,1,1,2,0,0,0,0,0,0,0,1,0,1,1,0,1,1,4,5,3,2,4,2
"468","E14000997","Tonbridge and Malling",0.354,18178,0.442,23734,0.413,23508,7,5,5,2,2,2,0,0,0,0,0,1,0,0,1,2,1,1,1,0,3,4,3,3,3,2
"469","E14000998","Tooting",0.05,2524,0.053,2842,0.266,15458,7,5,5,2,1,1,0,0,0,0,0,0,0,0,0,0,0,0,0,0,3,2,3,3,2,2
"470","E14000999","Torbay",0.083,4078,0.068,3286,0.279,14283,6,5,5,1,2,0,0,0,0,0,0,0,0,0,0,1,0,0,0,0,4,4,3,2,3,3
"471","E14001000","Torridge and West Devon",0.054,2957,0.325,18403,0.348,20686,6,5,5,2,2,0,0,0,0,0,0,0,0,0,1,2,0,0,1,0,4,5,3,2,4,3
"472","E14001001","Totnes",0.103,4927,0.388,18285,0.268,13477,8,5,5,3,3,3,1,1,1,1,1,0,0,1,2,3,2,1,3,2,4,5,3,2,4,3
"473","E14001002","Tottenham",0.416,16931,0.554,23564,0.701,34584,10,7,5,3,3,1,0,0,0,0,0,0,0,0,0,1,0,0,0,0,3,3,2,3,2,2
"474","E14001003","Truro and Falmouth",0.009,435,0.272,14000,0.067,3792,6,9,5,3,2,4,1,1,1,1,1,1,0,1,3,2,3,2,1,3,3,5,3,2,4,3
"475","E14001004","Tunbridge Wells",0.31,15576,0.445,22874,0.304,16465,7,6,6,1,1,1,0,0,0,0,0,0,0,0,0,1,0,0,0,0,3,5,3,3,3,2
"476","E14001005","Twickenham",0.203,12140,0.033,2017,0.147,9762,8,7,3,1,2,1,0,0,0,1,0,1,0,1,1,1,1,1,1,1,3,3,3,2,3,2
"477","E14001006","Tynemouth",0.109,5739,0.154,8240,0.205,11666,6,5,6,4,1,2,0,0,0,0,0,1,0,1,1,0,1,1,0,1,3,3,2,3,3,2
"478","E14001007","Uxbridge and South Ruislip",0.249,11216,0.239,10695,0.108,5034,8,13,5,1,3,1,0,0,0,0,0,0,0,0,0,0,0,0,0,0,3,3,2,3,3,2
"479","E14001008","Vauxhall",0.247,10651,0.265,12708,0.368,20250,9,10,6,3,2,4,1,1,1,1,1,1,0,1,2,2,2,2,1,2,3,4,3,3,2,3
"480","E14001009","Wakefield",0.036,1613,0.061,2613,0.047,2176,6,7,5,2,2,2,1,1,1,1,1,0,0,0,1,1,1,1,1,1,4,3,2,3,3,2
"481","E14001010","Wallasey",0.204,8507,0.377,16348,0.482,23320,5,5,5,2,1,4,1,1,1,1,1,1,0,1,2,1,2,2,1,2,3,3,2,3,3,2
"482","E14001011","Walsall North",0.027,990,0.053,1937,0.068,2601,7,6,4,3,1,3,0,0,0,0,1,1,0,0,2,1,2,2,1,1,4,3,3,3,3,2
"483","E14001012","Walsall South",0.043,1755,0.144,6007,0.202,8892,6,5,4,1,3,1,1,1,1,1,1,0,1,0,1,2,1,1,2,1,4,3,2,3,3,2
"484","E14001013","Walthamstow",0.231,9478,0.555,23195,0.665,32017,8,8,4,3,4,2,1,1,1,1,1,0,1,1,1,2,2,1,2,2,3,4,2,3,2,2
"485","E14001014","Wansbeck",0.184,7031,0.282,10881,0.246,10435,8,5,5,0,1,1,0,0,0,0,0,0,0,0,0,1,0,0,1,0,3,4,2,3,3,2
"486","E14001015","Wantage",0.24,13547,0.373,21749,0.273,17380,5,5,5,1,1,1,0,0,0,0,0,0,0,0,0,1,0,0,0,0,3,5,3,3,4,3
"487","E14001016","Warley",0.281,10756,0.389,14702,0.41,16483,4,5,5,0,1,0,0,0,0,0,0,0,0,0,0,0,0,0,0,0,4,3,2,3,3,2
"488","E14001017","Warrington North",0.153,6771,0.196,8923,0.197,9582,4,5,5,1,2,2,1,1,1,1,1,0,0,0,1,1,1,1,1,1,3,3,2,3,3,2
"489","E14001018","Warrington South",0.028,1553,0.046,2750,0.041,2549,5,6,4,2,1,0,0,0,0,0,0,0,0,0,1,0,0,1,0,0,3,4,3,3,2,2
"490","E14001019","Warwick and Leamington",0.072,3513,0.131,6606,0.022,1206,6,5,5,0,2,0,0,0,0,0,0,0,1,0,0,1,0,0,1,0,3,4,3,3,2,2
"491","E14001020","Washington and Sunderland West",0.307,11458,0.353,13157,0.319,12940,5,6,5,2,2,1,1,1,1,1,1,0,1,0,1,2,1,1,2,1,4,3,3,3,3,2
"492","E14001021","Watford",0.026,1425,0.174,9794,0.036,2092,6,6,5,2,1,2,0,0,0,0,0,1,0,1,2,1,2,2,1,1,3,4,3,3,3,2
"493","E14001022","Waveney",0.015,769,0.046,2408,0.175,9215,6,5,6,0,0,2,0,0,0,0,0,0,0,0,0,0,0,0,0,0,4,3,2,3,3,2
"494","E14001023","Wealden",0.313,17179,0.403,22967,0.391,23628,5,5,5,1,1,3,0,0,0,1,1,0,0,1,1,1,2,0,1,2,4,5,3,2,3,3
"495","E14001024","Weaver Vale",0.023,991,0.017,806,0.078,3928,9,6,4,0,2,0,0,0,0,0,0,0,1,0,0,1,0,0,1,0,3,3,2,3,2,2
"496","E14001025","Wellingborough",0.228,11787,0.325,16397,0.234,12460,10,5,5,1,1,1,0,0,0,0,0,1,0,1,1,0,1,1,0,1,3,3,2,3,3,2
"497","E14001026","Wells",0.014,800,0.133,7585,0.125,7582,6,8,4,1,3,2,1,1,1,0,0,0,1,1,1,2,1,1,1,1,3,4,3,2,2,3
"498","E14001027","Welwyn Hatfield",0.356,17423,0.242,12153,0.143,7369,6,7,6,1,0,1,0,0,0,0,0,0,0,0,0,0,0,0,0,0,3,4,3,3,3,2
"499","E14001028","Wentworth and Dearne",0.331,13920,0.32,13838,0.337,14803,5,5,3,1,0,1,0,0,0,0,0,1,0,1,1,0,1,1,0,1,5,3,2,3,3,2
"500","E14001029","West Bromwich East",0.176,6696,0.253,9470,0.197,7713,6,5,5,0,2,0,0,0,0,0,0,0,1,0,0,1,0,0,1,0,4,3,2,3,3,2
"501","E14001030","West Bromwich West",0.156,5651,0.221,7742,0.124,4460,5,5,5,1,1,2,0,0,0,0,0,0,0,0,1,0,1,1,0,0,4,3,3,3,3,2
"502","E14001031","West Dorset",0.068,3923,0.286,16130,0.32,19091,5,5,4,1,2,1,0,0,0,0,0,1,1,1,1,2,1,1,2,1,3,5,3,2,4,3
"503","E14001032","West Ham",0.48,22534,0.53,27986,0.605,36754,9,7,6,5,3,3,1,1,1,1,1,1,0,1,2,2,2,2,1,2,3,4,2,3,2,2
"504","E14001033","West Lancashire",0.09,4343,0.168,8360,0.215,11689,6,6,5,1,1,1,1,1,1,1,1,0,0,0,1,1,1,1,1,1,3,3,2,3,3,2
"505","E14001034","West Suffolk",0.271,13050,0.304,14984,0.33,17063,7,5,5,1,1,1,0,0,0,0,0,1,0,0,1,1,0,1,0,0,4,4,2,3,3,2
"506","E14001035","West Worcestershire",0.125,6754,0.417,22578,0.378,21328,5,5,5,3,1,3,1,1,1,1,1,0,0,1,2,1,2,1,1,2,3,5,3,2,3,2
"507","E14001036","Westminster North",0.054,2126,0.05,1977,0.266,11512,10,7,5,5,5,4,1,1,1,1,1,1,1,1,2,2,2,2,2,2,3,2,3,3,2,2
"508","E14001037","Westmorland and Lonsdale",0.238,12264,0.183,8949,0.015,777,4,5,4,0,1,0,0,0,0,0,0,0,1,0,0,1,0,0,1,0,2,4,3,2,2,2
"509","E14001038","Weston-super-Mare",0.051,2691,0.297,15609,0.205,11544,7,6,5,0,0,1,0,0,0,0,0,0,0,0,0,0,0,0,0,0,3,4,3,3,4,2
"510","E14001039","Wigan",0.238,10487,0.314,14236,0.337,16027,5,7,5,1,2,1,1,1,1,1,1,0,1,0,1,2,1,1,2,1,5,3,3,3,3,2
"511","E14001040","Wimbledon",0.241,11408,0.261,12619,0.109,5622,6,5,5,1,1,1,0,0,0,0,0,1,0,0,1,1,1,1,1,1,3,4,3,3,3,3
"512","E14001041","Winchester",0.054,3048,0.306,16914,0.175,9999,5,5,6,1,1,2,0,0,0,0,0,0,1,1,0,1,1,0,1,1,3,4,3,2,2,3
"513","E14001042","Windsor",0.384,19054,0.5,25083,0.415,22384,7,6,4,0,1,0,0,0,0,0,0,0,1,0,0,1,0,0,1,0,3,4,3,2,3,3
"514","E14001043","Wirral South",0.013,531,0.11,4599,0.184,8323,4,5,4,1,2,2,1,1,1,1,1,0,0,0,1,1,1,1,1,1,3,3,2,3,2,2
"515","E14001044","Wirral West",0.062,2436,0.01,417,0.122,5365,6,5,4,1,3,2,1,1,1,1,1,0,1,1,1,3,2,1,2,2,3,3,2,3,2,2
"516","E14001045","Witham",0.324,15196,0.415,19554,0.379,18646,5,6,4,2,3,2,1,1,1,1,1,1,0,0,2,2,2,2,1,1,4,4,3,3,3,2
"517","E14001046","Witney",0.394,22740,0.43,25155,0.349,21241,10,12,5,1,1,2,0,0,0,0,0,1,0,0,1,0,1,1,0,1,3,5,3,3,2,3
"518","E14001047","Woking",0.129,6807,0.4,20810,0.303,16724,6,8,6,3,3,1,0,0,0,0,0,1,1,0,1,1,1,1,1,1,3,4,3,2,4,3
"519","E14001048","Wokingham",0.247,13492,0.432,24197,0.315,18798,8,6,4,4,0,0,0,0,0,0,0,1,0,0,1,0,0,1,0,0,3,4,3,3,3,3
"520","E14001049","Wolverhampton North East",0.071,2484,0.162,5495,0.126,4587,6,5,5,2,3,2,1,1,1,1,1,1,0,1,2,2,2,2,2,2,4,3,2,3,3,2
"521","E14001050","Wolverhampton South East",0.19,6593,0.31,10778,0.235,8514,5,5,5,0,2,1,0,0,0,0,0,0,1,0,0,1,0,0,1,0,4,3,2,3,3,2
"522","E14001051","Wolverhampton South West",0.017,691,0.02,801,0.052,2185,5,6,6,1,1,1,0,0,0,0,0,0,0,0,0,0,0,0,0,0,3,3,2,3,3,2
"523","E14001052","Worcester",0.061,2982,0.114,5646,0.049,2508,9,7,7,1,2,2,0,0,0,0,0,0,1,1,1,1,1,1,1,1,3,3,2,3,3,2
"524","E14001053","Workington",0.117,4575,0.122,4686,0.094,3925,6,6,5,1,3,2,0,0,0,1,1,1,1,1,1,2,2,1,2,2,3,3,2,3,3,2
"525","E14001054","Worsley and Eccles South",0.104,4337,0.141,5946,0.184,8379,5,8,4,1,3,2,1,1,1,1,1,0,0,0,1,1,1,1,1,1,3,3,2,3,3,2
"526","E14001055","Worthing West",0.239,11729,0.332,16855,0.222,12090,6,5,5,1,1,1,0,0,0,0,0,1,0,0,1,1,1,1,0,0,4,5,3,3,3,2
"527","E14001056","Wycombe",0.199,9560,0.289,14856,0.123,6578,6,6,5,0,0,0,0,0,0,0,0,0,0,0,0,0,0,0,0,0,3,5,3,3,3,2
"528","E14001057","Wyre and Preston North",0.309,15844,0.284,14151,0.233,12246,4,5,4,1,2,2,0,0,0,0,0,0,0,1,1,1,1,1,1,1,3,4,2,3,3,2
"529","E14001058","Wyre Forest",0.052,2643,0.26,12871,0.261,13334,6,6,5,0,1,0,0,0,0,0,0,0,0,0,0,0,0,0,0,0,4,4,2,4,4,2
"530","E14001059","Wythenshawe and Sale East",0.186,7575,0.244,10569,0.326,14944,6,7,6,2,3,1,0,0,0,0,0,1,1,1,1,1,1,1,1,1,3,3,2,3,3,2
"531","E14001060","Yeovil",0.228,13036,0.093,5313,0.248,14723,5,5,5,0,2,1,0,0,0,0,0,0,0,0,0,1,0,0,0,0,3,4,3,2,3,3
"532","E14001061","York Central",0.139,6451,0.141,6716,0.35,18575,7,7,3,1,2,2,0,0,0,1,1,1,0,1,1,1,2,1,1,2,3,5,2,3,4,2
"533","E14001062","York Outer",0.069,3688,0.244,13129,0.144,8289,5,5,4,3,1,1,0,0,0,0,0,1,0,0,1,0,0,1,0,0,3,4,3,3,3,3
"534","N06000001","Belfast East",0.044,1533,0.065,2597,0.198,8474,6,6,8,2,2,5,1,1,1,0,0,0,1,1,1,1,1,1,1,1,4,2,2,3,2,2
"535","N06000002","Belfast North",0.06,2224,0.131,5326,0.045,2081,6,6,6,0,1,1,0,0,0,0,0,0,0,0,0,0,0,0,0,0,4,4,3,3,2,2
"536","N06000003","Belfast South",0.173,5926,0.023,906,0.046,1996,5,9,7,2,3,4,0,0,0,0,1,0,0,0,2,2,3,2,1,2,4,6,5,4,4,4
"537","N06000004","Belfast West",0.547,17579,0.35,12365,0.533,21652,5,9,6,1,0,1,0,0,0,0,0,0,0,0,0,0,0,0,0,0,3,4,4,2,2,3
"538","N06000005","East Antrim",0.222,6770,0.173,5795,0.417,15923,6,8,6,0,2,1,0,0,0,0,0,0,0,0,0,1,0,0,0,0,6,6,4,3,4,3
"539","N06000006","East Londonderry",0.153,5355,0.225,7804,0.216,8842,6,7,6,1,3,2,0,0,0,0,0,0,1,0,1,2,1,1,1,1,6,5,5,4,4,3
"540","N06000007","Fermanagh and South Tyrone",0,4,0.01,530,0.016,875,5,5,5,1,3,4,1,1,1,0,1,0,1,0,1,1,1,1,1,1,3,3,2,2,2,2
"541","N06000008","Foyle",0.127,4824,0.163,6046,0.004,169,6,7,5,1,1,1,0,0,0,0,1,1,0,0,1,0,1,1,0,1,4,3,3,3,3,3
"542","N06000009","Lagan Valley",0.287,10486,0.327,13000,0.428,19229,6,9,7,1,2,1,0,0,0,0,0,1,0,0,1,0,0,1,0,0,5,5,4,3,3,3
"543","N06000010","Mid Ulster",0.376,15363,0.333,13617,0.276,12890,6,9,5,1,2,1,0,0,0,0,0,0,1,0,1,1,0,1,1,0,5,4,4,4,4,2
"544","N06000011","Newry and Armagh",0.186,8331,0.084,4176,0.233,12489,6,5,5,0,1,1,0,0,0,0,0,0,0,0,0,0,0,0,0,0,4,3,4,4,3,3
"545","N06000012","North Antrim",0.296,12558,0.276,11546,0.426,20643,7,9,6,1,2,2,0,0,0,0,0,0,0,1,0,1,2,0,0,1,5,6,6,4,4,2
"546","N06000013","North Down",0.429,14364,0.256,9202,0.031,1208,7,10,8,2,2,3,1,1,1,1,1,0,0,0,1,1,1,1,1,1,3,4,4,2,2,2
"547","N06000014","South Antrim",0.035,1183,0.026,949,0.074,3208,6,7,5,1,1,1,0,0,0,0,0,0,0,0,1,1,1,0,0,0,6,6,5,3,3,3
"548","N06000015","South Down",0.198,8412,0.138,5891,0.048,2446,7,7,5,2,2,2,1,1,1,1,0,1,0,1,2,1,2,2,1,2,4,5,3,2,2,3
"549","N06000016","Strangford",0.181,5876,0.3,10185,0.473,18343,7,8,7,3,2,4,0,0,0,0,0,0,0,1,2,1,1,0,1,1,5,7,4,2,3,3
"550","N06000017","Upper Bann",0.081,3361,0.048,2264,0.156,7992,5,8,5,1,3,1,0,0,0,0,0,0,1,0,1,3,0,1,2,0,4,4,4,4,3,3
"551","N06000018","West Tyrone",0.287,10685,0.26,10060,0.238,10342,6,9,7,0,2,1,0,0,0,0,0,0,0,0,0,0,1,0,0,0,4,4,4,4,4,3
"552","S14000001","Aberdeen North",0.222,8361,0.305,13396,0.113,4139,6,6,5,1,1,1,0,0,0,1,1,1,0,0,1,1,1,1,1,1,4,3,3,4,3,3
"553","S14000002","Aberdeen South",0.081,3506,0.149,7230,0.107,4752,7,7,4,4,2,0,1,1,1,0,0,0,1,0,2,1,0,2,1,0,4,3,4,4,3,3
"554","S14000003","Airdrie and Shotts",0.346,12408,0.198,8779,0.005,195,5,6,4,3,1,1,1,1,1,0,0,1,1,0,3,1,1,2,1,1,4,3,3,2,2,3
"555","S14000004","Angus",0.086,3282,0.252,11230,0.066,2645,5,6,4,0,0,0,0,0,0,0,0,0,0,0,0,0,0,0,0,0,4,3,3,4,2,3
"556","S14000005","Argyll and Bute",0.076,3431,0.163,8473,0.028,1328,7,5,4,1,2,0,0,0,0,0,0,0,0,0,0,1,0,0,1,0,4,4,4,4,4,4
"557","S14000006","Ayr, Carrick and Cumnock",0.216,9911,0.216,11265,0.06,2774,4,5,4,1,2,2,1,1,1,1,0,0,1,1,1,2,2,1,2,2,4,3,3,3,3,3
"558","S14000007","Banff and Buchan",0.105,4027,0.314,14339,0.089,3693,5,4,4,1,1,1,1,1,1,1,0,0,0,1,1,1,1,1,1,1,4,4,3,4,2,2
"559","S14000008","Berwickshire, Roxburgh and Selkirk",0.116,5675,0.006,328,0.211,11060,6,7,4,1,1,0,0,0,0,0,0,0,0,0,0,0,0,0,0,0,4,3,3,3,3,2
"560","S14000009","Caithness, Sutherland and Easter Ross",0.168,4826,0.112,3844,0.066,2044,5,5,4,1,1,0,0,0,0,0,0,0,0,0,1,0,0,1,0,0,4,4,4,4,2,4
"561","S14000010","Central Ayrshire",0.273,12007,0.268,13589,0.028,1267,5,5,4,0,2,1,0,0,0,1,1,0,0,0,0,1,1,0,1,1,4,3,3,4,3,3
"562","S14000011","Coatbridge, Chryston and Bellshill",0.498,20714,0.227,11501,0.035,1586,4,5,4,2,1,1,0,0,0,0,0,1,0,0,2,1,1,1,0,1,4,3,3,2,2,3
"563","S14000012","Cumbernauld, Kilsyth and Kirkintilloch East",0.334,13755,0.299,14752,0.097,4264,5,4,5,2,0,1,0,0,0,0,0,1,0,0,2,0,1,1,0,1,4,3,3,2,2,3
"564","S14000013","Dumfries and Galloway",0.143,7449,0.115,6514,0.109,5643,5,5,5,0,0,1,0,0,0,0,0,0,0,0,0,0,0,0,0,0,4,3,3,3,3,3
"565","S14000014","Dumfriesshire, Clydesdale and Tweeddale",0.091,4194,0.015,798,0.193,9441,6,6,4,4,2,3,0,0,0,0,0,1,1,1,3,1,2,3,1,2,4,3,3,4,3,3
"566","S14000015","Dundee East",0.045,1821,0.398,19162,0.155,6645,7,7,4,3,3,1,0,0,0,0,0,1,1,0,1,1,1,1,1,1,4,3,3,4,3,3
"567","S14000016","Dundee West",0.196,7278,0.382,17092,0.136,5262,6,6,5,0,2,0,0,0,0,0,0,0,0,0,0,1,0,0,0,0,4,3,3,3,2,3
"568","S14000017","Dunfermline and West Fife",0.112,5470,0.185,10352,0.017,844,5,5,4,1,1,1,0,0,0,0,0,0,0,0,1,0,1,0,0,1,4,3,4,3,3,3
"569","S14000018","East Dunbartonshire",0.046,2184,0.039,2167,0.103,5339,5,6,4,2,1,2,1,1,1,0,1,1,1,0,2,1,2,2,1,2,4,4,4,4,3,4
"570","S14000019","East Kilbride, Strathaven and Lesmahagow",0.285,14503,0.273,16527,0.071,3866,6,6,5,1,1,2,0,0,0,1,1,0,0,0,0,1,1,0,1,1,4,3,3,3,3,3
"571","S14000020","East Lothian",0.249,12258,0.115,6803,0.055,3083,6,7,5,1,2,1,1,1,1,0,1,0,1,0,1,1,1,1,1,1,4,3,3,4,3,3
"572","S14000021","East Renfrewshire",0.204,10420,0.066,3718,0.088,4712,5,5,4,0,1,1,0,0,0,1,0,0,0,1,0,1,1,0,1,1,4,3,3,2,3,3
"573","S14000022","Edinburgh East",0.23,9181,0.193,9106,0.079,3425,6,7,4,3,3,2,1,1,1,0,0,0,1,1,3,1,1,2,1,1,5,4,3,4,2,3
"574","S14000023","Edinburgh North and Leith",0.036,1724,0.096,5597,0.029,1625,9,7,5,1,2,2,0,0,0,1,1,0,0,0,0,2,1,0,1,1,4,4,3,3,3,3
"575","S14000024","Edinburgh South",0.007,316,0.054,2637,0.324,15514,5,7,4,1,0,0,0,0,0,0,0,0,0,0,1,0,0,0,0,0,4,3,3,3,3,3
"576","S14000025","Edinburgh South West",0.186,8447,0.158,8135,0.022,1097,7,6,4,3,1,1,0,0,0,1,1,0,0,0,1,1,1,1,1,1,4,3,3,4,3,3
"577","S14000026","Edinburgh West",0.082,3803,0.059,3210,0.057,2988,4,6,5,1,3,0,0,0,0,1,0,0,0,0,1,2,0,1,2,0,4,4,4,4,4,4
"578","S14000027","Na h-Eileanan an Iar",0.128,1885,0.257,4102,0.068,1007,5,5,5,2,0,2,0,0,0,0,0,0,0,0,1,0,1,0,0,1,4,4,4,2,2,3
"579","S14000028","Falkirk",0.154,7843,0.326,19701,0.091,4923,5,5,6,1,2,2,0,0,0,0,0,0,1,0,1,2,1,1,2,1,4,3,3,4,3,3
"580","S14000029","Glasgow Central",0.345,10551,0.195,7662,0.063,2267,9,9,4,0,3,1,0,0,0,1,1,0,0,0,0,1,1,0,1,1,4,3,3,3,2,3
"581","S14000030","Glasgow East",0.368,11840,0.245,10387,0.002,75,7,7,7,3,3,3,1,1,1,1,0,0,1,1,1,2,2,1,2,2,3,3,3,2,2,3
"582","S14000031","Glasgow North",0.132,3898,0.252,9295,0.032,1060,7,8,5,4,4,3,1,1,1,0,0,1,1,1,3,2,2,2,1,2,4,4,4,3,2,3
"583","S14000032","Glasgow North East",0.542,15942,0.244,9222,0.008,242,8,7,4,2,4,3,0,0,0,1,0,0,0,1,2,1,2,0,1,2,4,2,3,2,2,3
"584","S14000033","Glasgow North West",0.383,13611,0.236,10364,0.066,2561,7,7,4,3,3,1,0,0,0,1,1,1,0,0,2,1,1,2,1,1,4,3,3,3,2,3
"585","S14000034","Glasgow South",0.316,12658,0.252,12269,0.045,2027,7,6,4,3,0,1,0,0,0,0,0,0,0,0,2,0,1,2,0,1,4,3,3,4,2,3
"586","S14000035","Glasgow South West",0.462,14671,0.243,9950,0.002,60,6,7,5,2,2,3,0,0,0,0,0,0,0,0,2,0,1,0,0,1,4,3,3,2,2,3
"587","S14000036","Glenrothes",0.406,16448,0.292,13897,0.081,3267,5,4,4,2,2,1,0,0,0,0,0,0,1,0,1,1,1,0,1,1,4,3,3,2,2,3
"588","S14000037","Gordon",0.138,6748,0.149,8687,0.049,2607,6,5,4,2,2,0,0,0,0,0,0,0,1,0,0,1,0,0,1,0,4,4,4,4,3,4
"589","S14000038","Inverclyde",0.384,14416,0.248,11063,0.01,384,5,6,4,0,0,0,0,0,0,0,0,0,0,0,0,0,0,0,0,0,4,3,3,4,3,3
"590","S14000039","Inverness, Nairn, Badenoch and Strathspey",0.186,8765,0.188,10809,0.093,4924,9,7,5,0,1,0,0,0,0,0,0,0,0,0,0,0,0,0,0,0,4,4,4,4,2,4
"591","S14000040","Kilmarnock and Loudoun",0.266,12378,0.253,13638,0.135,6269,4,4,4,2,1,2,1,1,1,0,0,0,1,1,2,1,2,2,1,2,4,3,3,3,3,3
"592","S14000041","Kirkcaldy and Cowdenbeath",0.502,23009,0.189,9974,0.006,259,8,5,5,2,0,0,0,0,0,0,0,0,0,0,1,0,0,0,0,0,4,3,3,2,2,3
"593","S14000042","Lanark and Hamilton East",0.29,13478,0.183,10100,0.005,266,6,5,5,1,1,1,0,0,0,1,1,1,0,0,1,1,1,1,1,1,4,3,3,4,3,3
"594","S14000043","Linlithgow and East Falkirk",0.244,12553,0.21,12934,0.052,2919,4,6,4,1,1,1,0,0,0,0,0,0,0,0,1,0,1,1,0,1,4,3,3,4,3,3
"595","S14000044","Livingston",0.225,10791,0.293,16843,0.074,3878,8,5,4,3,1,2,0,0,0,1,1,1,0,0,2,1,2,2,1,2,4,3,3,4,3,3
"596","S14000045","Midlothian",0.264,10349,0.204,9859,0.02,885,8,6,4,0,2,0,0,0,0,0,0,0,0,0,0,1,0,0,1,0,4,3,3,4,3,3
"597","S14000046","Moray",0.136,5590,0.184,9065,0.087,4159,5,6,5,0,0,1,0,0,0,0,0,0,0,0,0,0,0,0,0,0,4,3,3,4,2,3
"598","S14000047","Motherwell and Wishaw",0.43,16806,0.247,11898,0.008,318,5,5,5,2,2,2,0,0,0,1,1,1,0,0,2,2,2,1,1,2,4,3,3,2,2,3
"599","S14000048","North Ayrshire and Arran",0.215,9895,0.252,13573,0.077,3633,5,5,4,4,4,3,1,1,1,1,1,1,1,0,3,2,2,3,2,2,4,3,3,4,3,3
"600","S14000049","North East Fife",0.226,9048,0.096,4344,0,2,5,6,5,0,0,0,0,0,0,0,0,0,0,0,0,0,0,0,0,0,4,4,4,4,3,3
"601","S14000050","Ochil and South Perthshire",0.103,5187,0.176,10168,0.062,3359,6,5,4,2,1,1,0,0,0,1,0,1,0,1,1,1,1,1,1,1,4,3,3,4,3,3
"602","S14000051","Orkney and Shetland",0.513,9928,0.036,817,0.196,4563,5,5,6,0,0,1,0,0,0,0,0,0,0,1,0,0,1,0,0,1,5,4,4,4,2,3
"603","S14000052","Paisley and Renfrewshire North",0.35,15280,0.18,9076,0.056,2613,6,7,4,1,0,0,0,0,0,0,0,1,0,0,1,0,0,1,0,0,4,3,3,4,3,3
"604","S14000053","Paisley and Renfrewshire South",0.415,16614,0.123,5684,0.061,2541,7,5,5,0,3,2,0,0,0,1,1,0,0,0,0,1,1,0,1,1,4,3,3,2,2,3
"605","S14000054","Perth and North Perthshire",0.091,4379,0.178,9641,0,21,5,7,4,0,1,0,0,0,0,0,0,0,0,0,0,0,0,0,0,0,4,3,4,4,2,3
"606","S14000055","Ross, Skye and Lochaber",0.375,13070,0.123,5124,0.154,5919,7,7,6,1,3,0,0,0,0,0,0,0,0,0,0,1,0,0,0,0,4,3,4,4,2,4
"607","S14000056","Rutherglen and Hamilton West",0.447,21002,0.173,9975,0.005,265,5,6,6,1,3,2,0,0,0,1,0,0,0,1,0,1,1,0,1,1,4,3,3,3,2,3
"608","S14000057","Stirling",0.177,8304,0.201,10480,0.003,148,6,5,5,2,2,2,0,0,1,0,0,0,1,0,2,1,1,2,1,1,4,3,3,4,3,3
"609","S14000058","West Aberdeenshire and Kincardine",0.082,3684,0.127,7033,0.154,7950,6,7,4,0,0,0,0,0,0,0,0,0,0,0,0,0,0,0,0,0,4,3,4,4,3,3
"610","S14000059","West Dunbartonshire",0.412,17408,0.277,14171,0.052,2288,6,5,4,3,3,2,1,1,1,0,0,0,1,1,2,1,1,1,1,1,4,3,3,2,2,3
"611","W07000041","Ynys Mn",0.071,2461,0.007,229,0.141,5259,7,6,5,1,2,0,0,0,0,0,0,0,0,0,0,1,0,0,1,0,5,4,3,3,4,3
"612","W07000042","Delyn",0.061,2272,0.078,2930,0.108,4240,6,6,4,2,1,1,0,0,0,0,0,1,0,1,1,0,1,1,0,1,4,3,2,3,3,2
"613","W07000043","Alyn and Deeside",0.073,2919,0.081,3343,0.117,5235,6,6,5,0,2,2,0,0,0,0,0,0,1,1,0,1,1,0,1,1,3,3,2,3,3,2
"614","W07000044","Wrexham",0.111,3658,0.056,1831,0.052,1832,6,7,4,0,1,1,0,0,0,0,0,0,0,0,0,1,1,0,0,0,4,5,3,3,3,2
"615","W07000045","Llanelli",0.125,4701,0.184,7095,0.298,12024,5,8,5,2,3,2,1,1,1,1,1,1,0,0,2,2,2,2,2,2,4,4,3,4,4,3
"616","W07000046","Gower",0.064,2683,0.001,27,0.072,3269,6,9,6,0,2,0,0,0,0,0,0,0,1,0,0,1,0,0,1,0,4,4,2,3,3,2
"617","W07000047","Swansea West",0.014,504,0.2,7036,0.284,10598,9,9,6,0,1,0,0,0,0,0,0,0,1,0,0,1,0,0,1,0,3,6,2,3,3,2
"618","W07000048","Swansea East",0.332,10838,0.358,12028,0.375,13168,7,5,6,1,2,1,0,0,1,1,1,0,0,0,1,1,1,1,1,1,5,4,2,3,4,2
"619","W07000049","Aberavon",0.357,11039,0.331,10445,0.504,16761,8,9,5,1,1,2,0,0,0,0,0,0,0,1,1,0,1,1,0,1,4,4,3,3,4,2
"620","W07000050","Cardiff Central",0.127,4576,0.129,4981,0.426,17196,9,8,6,4,2,3,1,1,1,1,1,1,1,1,3,2,3,3,2,3,3,6,3,3,3,3
"621","W07000051","Cardiff North",0.004,194,0.042,2137,0.08,4174,7,8,5,1,4,1,0,0,0,0,1,1,1,0,1,1,1,1,1,1,3,3,2,3,2,2
"622","W07000052","Rhondda",0.372,11553,0.236,7455,0.417,13746,6,6,5,1,4,2,0,0,0,0,0,0,1,1,0,2,1,0,1,1,5,4,3,3,3,3
"623","W07000053","Torfaen",0.247,9306,0.215,8169,0.266,10240,9,8,5,1,1,0,0,0,0,0,0,0,0,0,0,0,0,0,0,0,4,4,3,3,3,2
"624","W07000054","Monmouth",0.224,10425,0.231,10982,0.165,8206,6,7,6,0,2,3,0,0,0,0,0,0,1,1,0,2,1,0,1,1,3,4,2,3,3,2
"625","W07000055","Newport East",0.048,1650,0.134,4705,0.217,8003,7,7,6,3,2,2,1,1,1,1,1,0,1,1,2,2,2,2,2,2,3,4,2,3,3,2
"626","W07000056","Newport West",0.089,3544,0.087,3510,0.13,5658,7,6,6,2,1,2,0,0,0,0,0,0,0,0,1,0,0,1,0,0,3,3,2,3,3,2
"627","W07000057","Arfon",0.056,1455,0.137,3668,0.003,92,5,6,4,1,2,1,0,0,0,0,0,0,0,0,1,1,0,1,1,0,4,4,3,4,3,3
"628","W07000058","Aberconwy",0.113,3398,0.133,3999,0.02,635,6,6,4,1,2,0,0,0,0,0,0,0,1,0,0,1,0,0,1,0,4,4,3,4,4,2
"629","W07000059","Clwyd West",0.168,6419,0.177,6730,0.085,3437,7,7,4,2,1,1,0,0,0,0,0,1,0,0,2,0,0,2,0,0,4,4,3,4,4,2
"630","W07000060","Vale of Clwyd",0.071,2509,0.007,237,0.061,2379,7,5,4,1,1,0,0,0,0,0,0,0,0,0,1,1,0,0,0,0,4,4,2,3,3,2
"631","W07000061","Dwyfor Meirionnydd",0.22,6367,0.182,5261,0.16,4850,6,7,5,1,3,1,0,0,0,1,1,0,0,0,0,2,1,0,2,1,4,4,3,4,4,3
"632","W07000062","Clwyd South",0.082,2834,0.069,2402,0.116,4356,6,6,5,3,2,2,1,1,1,1,1,0,0,0,2,2,1,1,2,1,4,4,3,3,4,2
"633","W07000063","Montgomeryshire",0.035,1184,0.158,5325,0.266,9285,7,6,5,1,2,1,0,0,0,0,0,0,1,1,1,2,1,0,1,1,4,5,4,2,3,3
"634","W07000064","Ceredigion",0.218,8324,0.082,3067,0.003,104,6,6,7,1,1,0,0,0,0,0,0,0,0,0,0,1,0,0,1,0,4,6,4,3,4,4
"635","W07000065","Preseli Pembrokeshire",0.116,4605,0.123,4969,0.007,314,5,8,7,1,1,2,0,0,0,0,0,1,0,1,1,0,1,1,0,1,4,5,3,3,3,2
"636","W07000066","Carmarthen West and South Pembrokeshire",0.085,3423,0.15,6054,0.074,3110,6,6,5,0,1,1,0,0,0,0,0,0,1,0,0,1,1,0,1,0,4,4,3,4,4,2
"637","W07000067","Carmarthen East and Dinefwr",0.092,3481,0.142,5599,0.095,3908,5,6,5,1,2,1,0,0,0,0,0,1,0,1,1,1,1,1,1,1,4,4,3,4,4,3
"638","W07000068","Brecon and Radnorshire",0.096,3747,0.127,5102,0.194,8038,8,6,5,3,0,1,0,0,0,0,0,1,0,0,1,0,0,1,0,0,3,4,3,3,3,3
"639","W07000069","Neath",0.263,9775,0.257,9548,0.33,12631,6,6,5,1,3,2,0,0,0,1,1,0,0,1,1,1,2,1,1,2,4,4,3,4,4,3
"640","W07000070","Cynon Valley",0.322,9617,0.309,9406,0.416,13238,5,7,5,2,3,2,1,1,1,1,1,0,0,0,2,2,2,2,2,2,4,4,3,4,4,3
"641","W07000071","Merthyr Tydfil and Rhymney",0.126,4056,0.352,11513,0.487,16334,8,8,5,2,2,2,0,0,0,0,0,1,0,1,2,1,2,1,0,1,5,4,3,2,3,2
"642","W07000072","Blaenau Gwent",0.325,10516,0.401,12703,0.368,11907,8,6,6,2,2,2,0,0,0,0,0,0,1,0,1,2,1,0,2,1,4,4,3,3,3,3
"643","W07000073","Bridgend",0.059,2263,0.049,1927,0.109,4700,6,10,6,2,3,3,1,1,1,1,1,1,0,1,2,2,2,2,2,2,4,4,2,3,3,2
"644","W07000074","Ogmore",0.382,13246,0.37,13043,0.373,13871,6,7,5,4,3,3,0,0,0,0,1,1,1,1,2,2,2,2,2,2,4,4,3,3,4,2
"645","W07000075","Pontypridd",0.076,2785,0.237,8985,0.287,11448,8,8,5,0,3,2,0,0,0,0,0,0,1,0,0,1,1,0,1,1,4,5,3,3,5,3
"646","W07000076","Caerphilly",0.278,10755,0.25,10073,0.292,12078,6,7,6,3,2,3,0,0,0,0,0,1,0,1,3,1,1,3,1,1,4,4,3,4,4,3
"647","W07000077","Islwyn",0.352,12215,0.294,10404,0.316,11412,8,8,5,0,2,0,0,0,0,0,0,0,0,0,0,2,0,0,2,0,4,4,3,4,4,2
"648","W07000078","Vale of Glamorgan",0.088,4307,0.134,6880,0.041,2190,7,7,8,2,0,4,0,0,0,0,0,1,0,1,2,0,1,2,0,1,4,4,2,3,3,2
"649","W07000079","Cardiff West",0.116,4751,0.155,6789,0.269,12551,6,7,5,2,1,2,0,0,0,0,0,1,0,1,2,0,1,2,0,1,4,4,3,3,4,2
"650","W07000080","Cardiff South and Penarth",0.106,4709,0.16,7453,0.293,14864,9,7,7,1,1,1,0,0,0,0,0,0,1,0,0,1,0,0,1,0,3,5,2,3,3,2
